,Date,Pallet Entry,Entry Hours,Pallet Entry Rate (plt/hr),blank1,Pallet Exit,Exit Hours,Pallet Exit Rate (plt/hr),blank2,Pallets Shipped,Occupied Cells,Free Cells,CMA down time,Reason,Pallet Abnormal AS400,Pallet Abnormal CMA
0,2021-01-01,208.0,24.0,8.7,,0.0,16.0,0.0,,0.0,,,,,,
1,2021-01-02,327.0,24.0,13.6,,0.0,16.0,0.0,,0.0,,,,,,
2,2021-01-03,333.0,24.0,13.9,,0.0,16.0,0.0,,0.0,,,,,,
3,2021-01-04,348.0,24.0,14.5,,643.0,16.0,40.2,,609.0,6254.0,2708.0,,,17.0,57.0
4,2021-01-05,407.0,24.0,17.0,,724.0,16.0,45.3,,472.0,6145.0,2816.0,,,26.0,67.0
5,2021-01-06,501.0,24.0,20.9,,608.0,16.0,38.0,,636.0,6030.0,2947.0,,,43.0,57.0
6,2021-01-07,411.0,24.0,17.1,,560.0,16.0,35.0,,625.0,6057.0,2919.0,,,34.0,69.0
7,2021-01-08,391.0,24.0,16.3,,474.0,16.0,29.6,,467.0,5961.0,2995.0,,,30.0,63.0
8,2021-01-09,476.0,24.0,19.8,,186.0,16.0,11.6,,156.0,,,,,,
9,2021-01-10,422.0,24.0,17.6,,306.0,16.0,19.1,,0.0,,,,,,
10,2021-01-11,391.0,24.0,16.3,,652.0,16.0,40.8,,511.0,6176.0,2802.0,,,3.0,15.0
11,2021-01-12,344.0,24.0,14.3,,524.0,16.0,32.8,,721.0,6041.0,2936.0,,,3.0,9.0
12,2021-01-13,501.0,24.0,20.9,,546.0,16.0,34.1,,594.0,5924.0,3052.0,,,8.0,5.0
13,2021-01-14,460.0,24.0,19.2,,487.0,16.0,30.4,,432.0,5888.0,3089.0,,,7.0,
14,2021-01-15,459.0,24.0,19.1,,222.0,16.0,13.9,,368.0,5883.0,3094.0,,,1.0,8.0
15,2021-01-16,422.0,24.0,17.6,,0.0,16.0,0.0,,0.0,,,,,,
16,2021-01-17,434.0,24.0,18.1,,119.0,16.0,7.4,,0.0,,,,,,
17,2021-01-18,365.0,24.0,15.2,,725.0,16.0,45.3,,588.0,6479.0,2499.0,,,3.0,138.0
18,2021-01-19,364.0,24.0,15.2,,620.0,16.0,38.8,,795.0,6260.0,2717.0,,,0.0,8.0
19,2021-01-20,369.0,24.0,15.4,,524.0,16.0,32.8,,468.0,6079.0,2896.0,,,0.0,11.0
20,2021-01-21,380.0,24.0,15.8,,674.0,16.0,42.1,,682.0,5975.0,3000.0,,,1.0,13.0
21,2021-01-22,365.0,24.0,15.2,,490.0,16.0,30.6,,521.0,5780.0,3188.0,,,2.0,50.0
22,2021-01-23,390.0,24.0,16.3,,0.0,16.0,0.0,,0.0,,,,,,
23,2021-01-24,400.0,24.0,16.7,,76.0,16.0,4.8,,0.0,,,,,,
24,2021-01-25,358.0,24.0,14.9,,690.0,16.0,43.1,,557.0,6141.0,2833.0,,,8.0,26.0
25,2021-01-26,426.0,24.0,17.8,,686.0,16.0,42.9,,719.0,6013.0,2963.0,,,3.0,8.0
26,2021-01-27,448.0,24.0,18.7,,647.0,16.0,40.4,,632.0,5836.0,3140.0,,,4.0,1.0
27,2021-01-28,431.0,24.0,18.0,,489.0,16.0,30.6,,547.0,5711.0,3261.0,,,1.0,33.0
28,2021-01-29,472.0,24.0,19.7,,57.0,16.0,3.6,,495.0,5668.0,3304.0,,,2.0,34.0
29,2021-01-30,575.0,24.0,24.0,,78.0,16.0,4.9,,64.0,,,,,,
30,2021-01-31,501.0,24.0,20.9,,455.0,16.0,28.4,,0.0,,,,,,
31,2021-02-01,507.0,24.0,21.1,,641.0,16.0,40.1,,432.0,6221.0,2754.0,,,15.0,13.0
32,2021-02-02,447.0,24.0,18.6,,611.0,16.0,38.2,,828.0,6117.0,2858.0,,,2.0,14.0
33,2021-02-03,427.0,24.0,17.8,,672.0,16.0,42.0,,519.0,5968.0,3005.0,,,7.0,16.0
34,2021-02-04,468.0,24.0,19.5,,641.0,16.0,40.1,,538.0,5809.0,3161.0,,,11.0,21.0
35,2021-02-05,480.0,24.0,20.0,,396.0,16.0,24.8,,577.0,5726.0,3250.0,,,5.0,44.0
36,2021-02-06,492.0,24.0,20.5,,165.0,16.0,10.3,,0.0,,,,,,
37,2021-02-07,449.0,24.0,18.7,,55.0,16.0,3.4,,0.0,,,,,,
38,2021-02-08,504.0,24.0,21.0,,597.0,16.0,37.3,,650.0,6197.0,2778.0,,,14.0,2.0
39,2021-02-09,499.0,24.0,20.8,,671.0,16.0,41.9,,702.0,6133.0,2839.0,,,2.0,5.0
40,2021-02-10,481.0,24.0,20.0,,585.0,16.0,36.6,,648.0,6020.0,2950.0,,,3.0,3.0
41,2021-02-11,462.0,24.0,19.3,,483.0,16.0,30.2,,486.0,5969.0,3006.0,,,6.0,2.0
42,2021-02-12,257.0,24.0,10.7,,468.0,16.0,29.3,,535.0,5926.0,3048.0,,,9.0,4.0
43,2021-02-13,301.0,24.0,12.5,,0.0,16.0,0.0,,0.0,,,,,,
44,2021-02-14,170.0,24.0,7.1,,0.0,16.0,0.0,,0.0,,,,,,
45,2021-02-15,0.0,24.0,0.0,,0.0,16.0,0.0,,0.0,,,,,,
46,2021-02-16,0.0,24.0,0.0,,0.0,16.0,0.0,,0.0,,,,,,
47,2021-02-17,0.0,24.0,0.0,,0.0,16.0,0.0,,0.0,,,,,,
48,2021-02-18,0.0,24.0,0.0,,253.0,16.0,15.8,,241.0,6725.0,2241.0,,,11.0,46.0
49,2021-02-19,0.0,24.0,0.0,,398.0,16.0,24.9,,500.0,6579.0,2387.0,,,11.0,185.0
50,2021-02-20,56.0,24.0,2.3,,108.0,16.0,6.8,,34.0,,,,,,
51,2021-02-21,210.0,24.0,8.8,,50.0,16.0,3.1,,0.0,,,,,,
52,2021-02-22,365.0,24.0,15.2,,558.0,16.0,34.9,,738.0,6405.0,2567.0,,,5.0,349.0
53,2021-02-23,413.0,24.0,17.2,,645.0,16.0,40.3,,538.0,6203.0,2773.0,,,6.0,27.0
54,2021-02-24,327.0,24.0,13.6,,593.0,16.0,37.1,,427.0,5885.0,3089.0,,,2.0,50.0
55,2021-02-25,473.0,24.0,19.7,,439.0,16.0,27.4,,471.0,5680.0,3295.0,,,4.0,30.0
56,2021-02-26,509.0,24.0,21.2,,455.0,16.0,28.4,,391.0,5640.0,3335.0,,,3.0,3.0
57,2021-02-27,502.0,24.0,20.9,,117.0,16.0,7.3,,93.0,,,,,,
58,2021-02-28,459.0,24.0,19.1,,33.0,16.0,2.1,,0.0,,,,,,
59,2021-03-01,485.0,24.0,20.2,,535.0,16.0,33.4,,701.0,6114.0,2860.0,,,4.0,3.0
60,2021-03-02,436.0,24.0,18.2,,707.0,16.0,44.2,,693.0,6017.0,2951.0,,,7.0,1.0
61,2021-03-03,426.0,24.0,17.8,,552.0,16.0,34.5,,692.0,5878.0,3092.0,,,7.0,0.0
62,2021-03-04,505.0,24.0,21.0,,655.0,16.0,40.9,,520.0,5801.0,3169.0,,,5.0,0.0
63,2021-03-05,578.0,24.0,24.1,,530.0,16.0,33.1,,707.0,5719.0,3249.0,,,4.0,0.0
64,2021-03-06,634.0,24.0,26.4,,0.0,16.0,0.0,,0.0,,,,,,
65,2021-03-07,571.0,24.0,23.8,,174.0,16.0,10.9,,0.0,,,,,,
66,2021-03-08,379.0,24.0,15.8,,485.0,16.0,30.3,,707.0,6284.0,2687.0,,,3.0,13.0
67,2021-03-09,385.0,24.0,16.0,,777.0,16.0,48.6,,776.0,6166.0,2803.0,,,9.0,11.0
68,2021-03-10,435.0,24.0,18.1,,748.0,16.0,46.8,,787.0,5955.0,3000.0,,,2.0,4.0
69,2021-03-11,442.0,24.0,18.4,,719.0,16.0,44.9,,610.0,5791.0,3169.0,,,8.0,4.0
70,2021-03-12,491.0,24.0,20.5,,555.0,16.0,34.7,,694.0,5579.0,3394.0,,,5.0,4.0
71,2021-03-13,502.0,24.0,20.9,,192.0,16.0,12.0,,136.0,,,,,,
72,2021-03-14,412.0,24.0,17.2,,20.0,16.0,1.3,,0.0,,,,,,
73,2021-03-15,345.0,24.0,14.4,,606.0,16.0,37.9,,578.0,5955.0,3009.0,,,4.0,11.0
74,2021-03-16,372.0,24.0,15.5,,618.0,16.0,38.6,,644.0,5772.0,3191.0,,,15.0,21.0
75,2021-03-17,365.0,24.0,15.2,,649.0,16.0,40.6,,671.0,5611.0,3352.0,,,10.0,12.0
76,2021-03-18,401.0,24.0,16.7,,640.0,16.0,40.0,,483.0,5407.0,3566.0,,,11.0,11.0
77,2021-03-19,379.0,24.0,15.8,,497.0,16.0,31.1,,457.0,5270.0,3692.0,,,4.0,12.0
78,2021-03-20,410.0,24.0,17.1,,207.0,16.0,12.9,,0.0,,,,,,
79,2021-03-21,375.0,24.0,15.6,,60.0,16.0,3.8,,0.0,,,,,,
80,2021-03-22,396.0,24.0,16.5,,561.0,16.0,35.1,,665.0,5485.0,3474.0,,,17.0,20.0
81,2021-03-23,407.0,24.0,17.0,,660.0,16.0,41.3,,661.0,5365.0,3587.0,,,6.0,19.0
82,2021-03-24,352.0,24.0,14.7,,584.0,16.0,36.5,,505.0,5202.0,3761.0,,,13.0,12.0
83,2021-03-25,483.0,24.0,20.1,,508.0,16.0,31.8,,446.0,5078.0,3896.0,,,17.0,5.0
84,2021-03-26,464.0,24.0,19.3,,571.0,16.0,35.7,,577.0,5103.0,3863.0,,,6.0,20.0
85,2021-03-27,427.0,24.0,17.8,,66.0,16.0,4.1,,129.0,,,,,,
86,2021-03-28,437.0,24.0,18.2,,58.0,16.0,3.6,,0.0,,,,,,
87,2021-03-29,414.0,24.0,17.3,,419.0,16.0,26.2,,382.0,5443.0,3520.0,,,17.0,3.0
88,2021-03-30,419.0,24.0,17.5,,558.0,16.0,34.9,,663.0,5471.0,3499.0,,,6.0,4.0
89,2021-03-31,467.0,24.0,19.5,,730.0,16.0,45.6,,730.0,5400.0,3569.0,,,7.0,1.0
90,2021-04-01,434.0,24.0,18.1,,551.0,16.0,34.4,,546.0,5234.0,3735.0,,,5.0,35.0
91,2021-04-02,434.0,24.0,18.1,,0.0,16.0,0.0,,0.0,,,,,,
92,2021-04-03,416.0,24.0,17.3,,0.0,16.0,0.0,,0.0,,,,,,
93,2021-04-04,439.0,24.0,18.3,,66.0,16.0,4.1,,0.0,,,,,,
94,2021-04-05,399.0,24.0,16.6,,598.0,16.0,37.4,,653.0,5809.0,3156.0,,,,
95,2021-04-06,374.0,24.0,15.6,,668.0,16.0,41.8,,601.0,5663.0,3309.0,,,7.0,2.0
96,2021-04-07,396.0,24.0,16.5,,627.0,16.0,39.2,,789.0,5521.0,3450.0,,,9.0,3.0
97,2021-04-08,328.0,24.0,13.7,,680.0,16.0,42.5,,322.0,5366.0,3605.0,,,7.0,3.0
98,2021-04-09,411.0,24.0,17.1,,519.0,16.0,32.4,,450.0,5189.0,3782.0,,,7.0,7.0
99,2021-04-10,462.0,24.0,19.3,,58.0,16.0,3.6,,0.0,,,,,,
100,2021-04-11,433.0,24.0,18.0,,37.0,16.0,2.3,,0.0,,,,,,
101,2021-04-12,405.0,24.0,16.9,,423.0,16.0,26.4,,762.0,5633.0,3337.0,,,5.0,12.0
102,2021-04-13,234.0,24.0,9.8,,625.0,16.0,39.1,,578.0,5650.0,3320.0,,,2.0,0.0
103,2021-04-14,422.0,24.0,17.6,,649.0,16.0,40.6,,608.0,5389.0,3581.0,,,8.0,0.0
104,2021-04-15,392.0,24.0,16.3,,631.0,16.0,39.4,,594.0,5239.0,3721.0,,,2.0,0.0
105,2021-04-16,353.0,24.0,14.7,,556.0,16.0,34.8,,757.0,5092.0,3877.0,,,15.0,1.0
106,2021-04-17,394.0,24.0,16.4,,0.0,16.0,0.0,,58.0,,,,,,
107,2021-04-18,400.0,24.0,16.7,,36.0,16.0,2.3,,0.0,,,,,,
108,2021-04-19,417.0,24.0,17.4,,664.0,16.0,41.5,,676.0,5405.0,3546.0,,,4.0,85.0
109,2021-04-20,430.0,24.0,17.9,,735.0,16.0,45.9,,681.0,5217.0,3723.0,,,5.0,29.0
110,2021-04-21,412.0,24.0,17.2,,615.0,16.0,38.4,,532.0,5015.0,3926.0,,,7.0,23.0
111,2021-04-22,399.0,24.0,16.6,,650.0,16.0,40.6,,558.0,4866.0,4104.0,,,15.0,21.0
112,2021-04-23,448.0,24.0,18.7,,480.0,16.0,30.0,,790.0,4725.0,4237.0,,,21.0,8.0
113,2021-04-24,401.0,24.0,16.7,,134.0,16.0,8.4,,50.0,,,,,,
114,2021-04-25,406.0,24.0,16.9,,81.0,16.0,5.1,,0.0,,,,,,
115,2021-04-26,432.0,24.0,18.0,,649.0,16.0,40.6,,758.0,5007.0,3945.0,,,5.0,9.0
116,2021-04-27,395.0,24.0,16.5,,684.0,16.0,42.8,,620.0,4874.0,4092.0,,,13.0,19.0
117,2021-04-28,456.0,24.0,19.0,,660.0,16.0,41.3,,560.0,4728.0,4239.0,,,10.0,3.0
118,2021-04-29,385.0,24.0,16.0,,569.0,16.0,35.6,,346.0,4602.0,4366.0,,,5.0,2.0
119,2021-04-30,391.0,24.0,16.3,,518.0,16.0,32.4,,712.0,4506.0,4460.0,,,4.0,2.0
120,2021-05-01,348.0,24.0,14.5,,220.0,16.0,13.8,,30.0,,,,,,
121,2021-05-02,380.0,24.0,15.8,,37.0,16.0,2.3,,0.0,,,,,,
122,2021-05-03,404.0,24.0,16.8,,424.0,16.0,26.5,,458.0,4707.0,4261.0,,,13.0,35.0
123,2021-05-04,397.0,24.0,16.5,,570.0,16.0,35.6,,435.0,4785.0,4183.0,,,2.0,8.0
124,2021-05-05,481.0,24.0,20.0,,331.0,16.0,20.7,,298.0,4725.0,4244.0,,,4.0,1.0
125,2021-05-06,525.0,24.0,21.9,,373.0,16.0,23.3,,450.0,4835.0,4132.0,,,4.0,1.0
126,2021-05-07,477.0,24.0,19.9,,349.0,16.0,21.8,,391.0,4960.0,4005.0,,,4.0,1.0
127,2021-05-08,499.0,24.0,20.8,,0.0,16.0,0.0,,0.0,,,,,,
128,2021-05-09,474.0,24.0,19.8,,15.0,16.0,0.9,,0.0,,,,,,
129,2021-05-10,385.0,24.0,16.0,,524.0,16.0,32.8,,607.0,5617.0,3346.0,,,2.0,2.0
130,2021-05-11,420.0,24.0,17.5,,525.0,16.0,32.8,,508.0,5517.0,3441.0,,,6.0,11.0
131,2021-05-12,448.0,24.0,18.7,,544.0,16.0,34.0,,587.0,5421.0,3541.0,,,6.0,53.0
132,2021-05-13,429.0,24.0,17.9,,543.0,16.0,33.9,,618.0,5346.0,3622.0,,,13.0,66.0
133,2021-05-14,415.0,24.0,17.3,,479.0,16.0,29.9,,628.0,5263.0,3706.0,,,8.0,25.0
134,2021-05-15,485.0,24.0,20.2,,0.0,16.0,0.0,,0.0,,,,,,
135,2021-05-16,373.0,24.0,15.5,,64.0,16.0,4.0,,0.0,,,,,,
136,2021-05-17,409.0,24.0,17.0,,585.0,16.0,36.6,,775.0,5662.0,3300.0,,,3.0,22.0
137,2021-05-18,237.0,24.0,9.9,,578.0,16.0,36.1,,609.0,5554.0,3407.0,,,6.0,37.0
138,2021-05-19,148.0,24.0,6.2,,54.0,16.0,3.4,,0.0,,,,,,
139,2021-05-20,361.0,24.0,15.0,,698.0,16.0,43.6,,692.0,5382.0,3577.0,,,3.0,147.0
140,2021-05-21,436.0,24.0,18.2,,762.0,16.0,47.6,,727.0,5164.0,3797.0,,,16.0,17.0
141,2021-05-22,409.0,24.0,17.0,,167.0,16.0,10.4,,269.0,,,,,,
142,2021-05-23,407.0,24.0,17.0,,79.0,16.0,4.9,,0.0,,,,,,
143,2021-05-24,411.0,24.0,17.1,,658.0,16.0,41.1,,770.0,5333.0,3586.0,,,19.0,24.0
144,2021-05-25,405.0,24.0,16.9,,641.0,16.0,40.1,,672.0,5176.0,3711.0,,,22.0,41.0
145,2021-05-26,409.0,24.0,17.0,,607.0,16.0,37.9,,596.0,5031.0,3801.0,,,9.0,20.0
146,2021-05-27,435.0,24.0,18.1,,633.0,16.0,39.6,,536.0,4929.0,3882.0,,,13.0,23.0
147,2021-05-28,483.0,24.0,20.1,,585.0,16.0,36.6,,668.0,,,,,,
148,2021-05-29,505.0,24.0,21.0,,198.0,16.0,12.4,,183.0,,,,,,
149,2021-05-30,496.0,24.0,20.7,,0.0,16.0,0.0,,0.0,,,,,,
150,2021-05-31,477.0,24.0,19.9,,235.0,16.0,14.7,,20.0,,,,,,
151,2021-06-01,443.0,24.0,18.5,,463.0,16.0,28.9,,614.0,5362.0,3437.0,,,12.0,19.0
152,2021-06-02,440.0,24.0,18.3,,716.0,16.0,44.8,,669.0,5214.0,3589.0,,,19.0,18.0
153,2021-06-03,469.0,24.0,19.5,,777.0,16.0,48.6,,455.0,5133.0,3672.0,,,10.0,17.0
154,2021-06-04,546.0,24.0,22.8,,438.0,16.0,27.4,,593.0,4966.0,3835.0,,,10.0,17.0
155,2021-06-05,600.0,24.0,25.0,,0.0,16.0,0.0,,0.0,,,,,,
156,2021-06-06,458.0,24.0,19.1,,221.0,16.0,13.8,,0.0,,,,,,
157,2021-06-07,467.0,24.0,19.5,,599.0,16.0,37.4,,720.0,5572.0,3294.0,,,13.0,21.0
158,2021-06-08,462.0,24.0,19.3,,633.0,16.0,39.6,,736.0,5515.0,3353.0,,,4.0,25.0
159,2021-06-09,404.0,24.0,16.8,,701.0,16.0,43.8,,655.0,5231.0,3692.0,,,1.0,33.0
160,2021-06-10,450.0,24.0,18.8,,737.0,16.0,46.1,,570.0,5045.0,3871.0,,,2.0,39.0
161,2021-06-11,466.0,24.0,19.4,,557.0,16.0,34.8,,763.0,5339.0,3563.0,,,9.0,33.0
162,2021-06-12,488.0,24.0,20.3,,203.0,16.0,12.7,,148.0,,,,,,
163,2021-06-13,432.0,24.0,18.0,,49.0,16.0,3.1,,0.0,,,,,,
164,2021-06-14,399.0,24.0,16.6,,549.0,16.0,34.3,,708.0,,,,,,
165,2021-06-15,401.0,24.0,16.7,,825.0,16.0,51.6,,720.0,5232.0,3669.0,,,15.0,23.0
166,2021-06-16,377.0,24.0,15.7,,675.0,16.0,42.2,,698.0,4962.0,3945.0,,,20.0,22.0
167,2021-06-17,432.0,24.0,18.0,,694.0,16.0,43.4,,663.0,4727.0,4182.0,,,9.0,6.0
168,2021-06-18,437.0,24.0,18.2,,765.0,16.0,47.8,,599.0,4292.0,4620.0,,,11.0,8.0
169,2021-06-19,396.0,24.0,16.5,,177.0,16.0,11.1,,65.0,,,,,,
170,2021-06-20,445.0,24.0,18.5,,0.0,16.0,0.0,,0.0,,,,,,
171,2021-06-21,386.0,24.0,16.1,,572.0,16.0,35.8,,626.0,4804.0,4097.0,,,8.0,8.0
172,2021-06-22,413.0,24.0,17.2,,615.0,16.0,38.4,,528.0,4716.0,4244.0,,,11.0,11.0
173,2021-06-23,434.0,24.0,18.1,,508.0,16.0,31.8,,609.0,4579.0,4383.0,,,9.0,23.0
174,2021-06-24,425.0,24.0,17.7,,585.0,16.0,36.6,,563.0,4478.0,4479.0,,,6.0,2.0
175,2021-06-25,445.0,24.0,18.5,,500.0,16.0,31.3,,455.0,4353.0,4612.0,,,2.0,4.0
176,2021-06-26,443.0,24.0,18.5,,51.0,16.0,3.2,,50.0,,,,,,
177,2021-06-27,402.0,24.0,16.8,,22.0,16.0,1.4,,0.0,,,,,,
178,2021-06-28,424.0,24.0,17.7,,614.0,16.0,38.4,,728.0,4731.0,4229.0,,,5.0,18.0
179,2021-06-29,426.0,24.0,17.8,,477.0,16.0,29.8,,594.0,4599.0,4356.0,,,5.0,47.0
180,2021-06-30,488.0,24.0,20.3,,468.0,16.0,29.3,,695.0,4579.0,4384.0,,,6.0,9.0
181,2021-07-01,406.0,24.0,16.9,,455.0,16.0,28.4,,408.0,4574.0,4381.0,,,14.0,8.0
182,2021-07-02,413.0,24.0,17.2,,620.0,16.0,38.8,,623.0,4536.0,4418.0,,,4.0,21.0
183,2021-07-03,440.0,24.0,18.3,,0.0,16.0,0.0,,0.0,,,,,,
184,2021-07-04,416.0,24.0,17.3,,0.0,16.0,0.0,,0.0,,,,,,
185,2021-07-05,400.0,24.0,16.7,,32.0,16.0,2.0,,0.0,,,,,,
186,2021-07-06,358.0,24.0,14.9,,524.0,16.0,32.8,,526.0,5115.0,3828.0,,,9.0,13.0
187,2021-07-07,446.0,24.0,18.6,,621.0,16.0,38.8,,517.0,5017.0,3926.0,,,12.0,15.0
188,2021-07-08,390.0,24.0,16.3,,697.0,16.0,43.6,,505.0,4946.0,4003.0,,,12.0,19.0
189,2021-07-09,438.0,24.0,18.3,,484.0,16.0,30.3,,723.0,4770.0,4180.0,,,14.0,39.0
190,2021-07-10,461.0,24.0,19.2,,206.0,16.0,12.9,,178.0,,,,,,
191,2021-07-11,469.0,24.0,19.5,,22.0,16.0,1.4,,0.0,,,,,,
192,2021-07-12,440.0,24.0,18.3,,770.0,16.0,48.1,,606.0,5166.0,3780.0,,,5.0,22.0
193,2021-07-13,369.0,24.0,15.4,,643.0,16.0,40.2,,817.0,4956.0,3983.0,,,8.0,25.0
194,2021-07-14,435.0,24.0,18.1,,691.0,16.0,43.2,,706.0,4810.0,4137.0,,,7.0,37.0
195,2021-07-15,409.0,24.0,17.0,,866.0,16.0,54.1,,641.0,4621.0,4316.0,,,7.0,45.0
196,2021-07-16,398.0,24.0,16.6,,630.0,16.0,39.4,,746.0,4369.0,4568.0,,,9.0,35.0
197,2021-07-17,488.0,24.0,20.3,,218.0,16.0,13.6,,63.0,,,,,,
198,2021-07-18,499.0,24.0,20.8,,54.0,16.0,3.4,,0.0,,,,,,
199,2021-07-19,396.0,24.0,16.5,,592.0,16.0,37.0,,595.0,4707.0,4254.0,,,5.0,49.0
200,2021-07-20,387.0,24.0,16.1,,798.0,16.0,49.9,,607.0,4555.0,4406.0,,,13.0,12.0
201,2021-07-21,430.0,24.0,17.9,,476.0,16.0,29.8,,701.0,4473.0,4488.0,,,3.0,18.0
202,2021-07-22,402.0,24.0,16.8,,601.0,16.0,37.6,,446.0,4583.0,4378.0,,,6.0,16.0
203,2021-07-23,343.0,24.0,14.3,,438.0,16.0,27.4,,560.0,4473.0,4488.0,,,6.0,16.0
204,2021-07-24,457.0,24.0,19.0,,132.0,16.0,8.3,,52.0,,,,,,
205,2021-07-25,443.0,24.0,18.5,,29.0,16.0,1.8,,0.0,,,,,,
206,2021-07-26,395.0,24.0,16.5,,615.0,16.0,38.4,,720.0,4801.0,4152.0,,,15.0,19.0
207,2021-07-27,361.0,24.0,15.0,,721.0,16.0,45.1,,639.0,4632.0,4330.0,,,1.0,17.0
208,2021-07-28,440.0,24.0,18.3,,627.0,16.0,39.2,,586.0,4397.0,4564.0,,,4.0,20.0
209,2021-07-29,377.0,24.0,15.7,,479.0,16.0,29.9,,704.0,4189.0,4768.0,,,4.0,0.0
210,2021-07-30,524.0,24.0,21.8,,646.0,16.0,40.4,,561.0,4133.0,4824.0,,,4.0,9.0
211,2021-07-31,525.0,24.0,21.9,,89.0,16.0,5.6,,59.0,,,,,,
212,2021-08-01,496.0,24.0,20.7,,38.0,16.0,2.4,,0.0,,,,,,
213,2021-08-02,440.0,24.0,18.3,,531.0,16.0,33.2,,549.0,,4312.0,,,2.0,50.0
214,2021-08-03,457.0,24.0,19.0,,701.0,16.0,43.8,,543.0,,4362.0,,,2.0,50.0
215,2021-08-04,418.0,24.0,17.4,,596.0,16.0,37.3,,537.0,,4522.0,,,2.0,33.0
216,2021-08-05,444.0,24.0,18.5,,462.0,16.0,28.9,,432.0,,4271.0,,,0.0,32.0
217,2021-08-06,441.0,24.0,18.4,,390.0,16.0,24.4,,487.0,,426.0,,,,
218,2021-08-07,455.0,24.0,19.0,,1.0,16.0,0.1,,33.0,,,,,,
219,2021-08-08,508.0,24.0,21.2,,23.0,16.0,1.4,,0.0,,,,,,
220,2021-08-09,474.0,24.0,19.8,,644.0,16.0,40.3,,409.0,4826.0,4127.0,,,11.0,35.0
221,2021-08-10,384.0,24.0,16.0,,590.0,16.0,36.9,,758.0,4766.0,4184.0,,,4.0,56.0
222,2021-08-11,422.0,24.0,17.6,,560.0,16.0,35.0,,544.0,4691.0,4254.0,,,12.0,25.0
223,2021-08-12,473.0,24.0,19.7,,370.0,16.0,23.1,,425.0,4619.0,4328.0,,,11.0,24.0
224,2021-08-13,452.0,24.0,18.8,,530.0,16.0,33.1,,545.0,4649.0,4306.0,,,8.0,23.0
225,2021-08-14,547.0,24.0,22.8,,0.0,16.0,0.0,,0.0,,,,,,
226,2021-08-15,431.0,24.0,18.0,,28.0,16.0,1.8,,0.0,,,,,,
227,2021-08-16,382.0,24.0,15.9,,680.0,16.0,42.5,,634.0,5160.0,3792.0,,,4.0,26.0
228,2021-08-17,319.0,24.0,13.3,,683.0,16.0,42.7,,593.0,5005.0,3944.0,,,3.0,26.0
229,2021-08-18,540.0,24.0,22.5,,484.0,16.0,30.3,,526.0,4807.0,4148.0,,,4.0,59.0
230,2021-08-19,464.0,24.0,19.3,,564.0,16.0,35.3,,245.0,4803.0,4154.0,,,11.0,6.0
231,2021-08-20,378.0,24.0,15.8,,518.0,16.0,32.4,,906.0,4605.0,3984.0,,,3.0,2.0
232,2021-08-21,412.0,24.0,17.2,,175.0,16.0,10.9,,0.0,,,,,,
233,2021-08-22,430.0,24.0,17.9,,17.0,16.0,1.1,,0.0,,,,,,
234,2021-08-23,428.0,24.0,17.8,,606.0,16.0,37.9,,629.0,5029.0,3925.0,,,10.0,14.0
235,2021-08-24,352.0,24.0,14.7,,652.0,16.0,40.8,,836.0,4946.0,4008.0,,,7.0,1.0
236,2021-08-25,375.0,24.0,15.6,,679.0,16.0,42.4,,592.0,4806.0,4151.0,,,10.0,5.0
237,2021-08-26,465.0,24.0,19.4,,647.0,16.0,40.4,,367.0,4604.0,4351.0,,,9.0,3.0
238,2021-08-27,410.0,24.0,17.1,,660.0,16.0,41.3,,740.0,4457.0,4495.0,,,17.0,3.0
239,2021-08-28,451.0,24.0,18.8,,91.0,16.0,5.7,,33.0,,,,,,
240,2021-08-29,376.0,24.0,15.7,,86.0,16.0,5.4,,0.0,4759.0,4197.0,,,,
241,2021-08-30,469.0,24.0,19.5,,600.0,16.0,37.5,,667.0,4687.0,4265.0,,,1.0,26.0
242,2021-08-31,510.0,24.0,21.3,,514.0,16.0,32.1,,785.0,4620.0,4330.0,,,6.0,1.0
243,2021-09-01,494.0,24.0,20.6,,589.0,16.0,36.8,,466.0,4544.0,4409.0,,,25.0,25.0
244,2021-09-02,492.0,24.0,20.5,,660.0,16.0,41.3,,326.0,4409.0,4546.0,,,23.0,20.0
245,2021-09-03,473.0,24.0,19.7,,308.0,16.0,19.3,,34.0,,,,,,
246,2021-09-04,446.0,24.0,18.6,,223.0,16.0,13.9,,16.0,,,,,,
247,2021-09-05,461.0,24.0,19.2,,0.0,16.0,0.0,,0.0,,,,,,
248,2021-09-06,467.0,24.0,19.5,,0.0,16.0,0.0,,0.0,,,,,,
249,2021-09-07,448.0,24.0,18.7,,585.0,16.0,36.6,,711.0,4158.0,3653.0,,,,
250,2021-09-08,422.0,24.0,17.6,,754.0,16.0,47.1,,522.0,5219.0,3730.0,,,18.0,32.0
251,2021-09-09,391.0,24.0,16.3,,719.0,16.0,44.9,,778.0,5054.0,3896.0,,,15.0,32.0
252,2021-09-10,431.0,24.0,18.0,,550.0,16.0,34.4,,653.0,4850.0,4102.0,,,12.0,33.0
253,2021-09-11,452.0,24.0,18.8,,203.0,16.0,12.7,,177.0,,,,,,
254,2021-09-12,440.0,24.0,18.3,,245.0,16.0,15.3,,0.0,,,,,,
255,2021-09-13,424.0,24.0,17.7,,395.0,16.0,24.7,,803.0,4928.0,3976.0,,,20.0,41.0
256,2021-09-14,428.0,24.0,17.8,,704.0,16.0,44.0,,589.0,5041.0,3911.0,,,11.0,26.0
257,2021-09-15,558.0,24.0,23.3,,696.0,16.0,43.5,,800.0,4873.0,4078.0,,,11.0,28.0
258,2021-09-16,403.0,24.0,16.8,,780.0,16.0,48.8,,634.0,4727.0,4221.0,,,17.0,24.0
259,2021-09-17,397.0,24.0,16.5,,774.0,16.0,48.4,,660.0,4535.0,4416.0,,,,
260,2021-09-18,392.0,24.0,16.3,,209.0,16.0,13.1,,81.0,,,,,,
261,2021-09-19,413.0,24.0,17.2,,10.0,16.0,0.6,,0.0,,,,,,
262,2021-09-20,366.0,24.0,15.3,,614.0,16.0,38.4,,831.0,4650.0,4298.0,,,10.0,68.0
263,2021-09-21,431.0,24.0,18.0,,567.0,16.0,35.4,,583.0,4515.0,4434.0,,,27.0,26.0
264,2021-09-22,409.0,24.0,17.0,,614.0,16.0,38.4,,731.0,4434.0,4520.0,,,18.0,47.0
265,2021-09-23,457.0,24.0,19.0,,503.0,16.0,31.4,,259.0,4293.0,4661.0,,,19.0,31.0
266,2021-09-24,470.0,24.0,19.6,,475.0,16.0,29.7,,614.0,4693.0,2996.0,,,51.0,29.0
267,2021-09-25,459.0,24.0,19.1,,126.0,16.0,7.9,,20.0,,,,,,
268,2021-09-26,412.0,24.0,17.2,,18.0,16.0,1.1,,0.0,,,,,,
269,2021-09-27,429.0,24.0,17.9,,682.0,16.0,42.6,,781.0,4643.0,4303.0,,,,
270,2021-09-28,415.0,24.0,17.3,,719.0,16.0,44.9,,584.0,4525.0,4430.0,,,13.0,26.0
271,2021-09-29,504.0,24.0,21.0,,667.0,16.0,41.7,,718.0,4404.0,4545.0,,,7.0,29.0
272,2021-09-30,438.0,24.0,18.3,,554.0,16.0,34.6,,30.0,4357.0,4589.0,,,2.0,20.0
273,2021-10-01,390.0,24.0,16.3,,0.0,16.0,0.0,,189.0,,,,,,
274,2021-10-02,424.0,24.0,17.7,,0.0,16.0,0.0,,0.0,,,,,,
275,2021-10-03,470.0,24.0,19.6,,30.0,16.0,1.9,,0.0,,,,,,
276,2021-10-04,391.0,24.0,16.3,,751.0,16.0,46.9,,448.0,4737.0,4142.0,,,,
277,2021-10-05,423.0,24.0,17.6,,438.0,16.0,27.4,,604.0,4603.0,4351.0,,,,
278,2021-10-06,492.0,24.0,20.5,,657.0,16.0,41.1,,0.0,4628.0,4321.0,,,,
279,2021-10-07,461.0,24.0,19.2,,313.0,16.0,19.6,,309.0,4514.0,4438.0,,,,
280,2021-10-08,493.0,24.0,20.5,,143.0,16.0,8.9,,0.0,4594.0,4360.0,,,,
281,2021-10-09,389.0,24.0,16.2,,260.0,16.0,16.3,,0.0,,,,,,
282,2021-10-10,347.0,24.0,14.5,,50.0,16.0,3.1,,0.0,,,,,,
283,2021-10-11,365.0,24.0,15.2,,465.0,16.0,29.1,,633.0,5044.0,3903.0,,,3.0,21.0
284,2021-10-12,319.0,24.0,13.3,,634.0,16.0,39.6,,696.0,4665.0,4274.0,,,2.0,5.0
285,2021-10-13,494.0,24.0,20.6,,676.0,16.0,42.3,,587.0,4545.0,4390.0,,,2.0,13.0
286,2021-10-14,523.0,24.0,21.8,,465.0,16.0,29.1,,547.0,4556.0,4387.0,,,7.0,7.0
287,2021-10-15,493.0,24.0,20.5,,461.0,16.0,28.8,,422.0,,,,,25.0,16.0
288,2021-10-16,465.0,24.0,19.4,,151.0,16.0,9.4,,50.0,,,,,,
289,2021-10-17,445.0,24.0,18.5,,122.0,16.0,7.6,,0.0,,,,,,
290,2021-10-18,426.0,24.0,17.8,,370.0,16.0,23.1,,460.0,4949.0,3989.0,,,27.0,36.0
291,2021-10-19,483.0,24.0,20.1,,533.0,16.0,33.3,,0.0,1685.0,3947.0,,,31.0,321.0
292,2021-10-20,434.0,24.0,18.1,,746.0,16.0,46.6,,727.0,,,,,,
293,2021-10-21,506.0,24.0,21.1,,549.0,16.0,34.3,,499.0,4865.0,4065.0,,,18.0,11.0
294,2021-10-22,483.0,24.0,20.1,,648.0,16.0,40.5,,545.0,4846.0,4092.0,,,,
295,2021-10-23,461.0,24.0,19.2,,192.0,16.0,12.0,,34.0,,,,,,
296,2021-10-24,138.0,24.0,5.8,,46.0,16.0,2.9,,0.0,,,,,,
297,2021-10-25,473.0,24.0,19.7,,502.0,16.0,31.4,,808.0,5020.0,3915.0,,,,
298,2021-10-26,515.0,24.0,21.5,,585.0,16.0,36.6,,657.0,5001.0,3929.0,,,17.0,2.0
299,2021-10-27,469.0,24.0,19.5,,696.0,16.0,43.5,,659.0,4919.0,4009.0,,,11.0,25.0
300,2021-10-28,405.0,24.0,16.9,,593.0,16.0,37.1,,621.0,4739.0,4183.0,,,12.0,26.0
301,2021-10-29,379.0,24.0,15.8,,681.0,16.0,42.6,,544.0,4579.0,4342.0,,,12.0,47.0
302,2021-10-30,601.0,24.0,25.0,,190.0,16.0,11.9,,195.0,,,,,,
303,2021-10-31,575.0,24.0,24.0,,44.0,16.0,2.8,,0.0,,,,,,
304,2021-11-01,336.0,24.0,14.0,,522.0,16.0,32.6,,517.0,4916.0,3984.0,,,,
305,2021-11-02,352.0,24.0,14.7,,704.0,16.0,44.0,,596.0,4850.0,4076.0,,,23.0,44.0
306,2021-11-03,350.0,24.0,14.6,,532.0,16.0,33.3,,458.0,4659.0,2454.0,3.0,stacker 5,20.0,90.0
307,2021-11-04,379.0,24.0,15.8,,551.0,16.0,34.4,,581.0,1643.0,4350.0,,,20.0,43.0
308,2021-11-05,397.0,24.0,16.5,,413.0,16.0,25.8,,228.0,4428.0,4512.0,,,8.0,41.0
309,2021-11-06,398.0,24.0,16.6,,0.0,16.0,0.0,,28.0,,,,,,
310,2021-11-07,375.0,24.0,15.6,,13.0,16.0,0.8,,0.0,,,,,,
311,2021-11-08,411.0,24.0,17.1,,451.0,16.0,28.2,,659.0,1693.0,4004.0,,,9.0,27.0
312,2021-11-09,386.0,24.0,16.1,,561.0,16.0,35.1,,642.0,4883.0,4047.0,,,11.0,35.0
313,2021-11-10,459.0,24.0,19.1,,757.0,16.0,47.3,,661.0,4804.0,4139.0,,,19.0,13.0
314,2021-11-11,379.0,24.0,15.8,,857.0,16.0,53.6,,774.0,4659.0,4290.0,,,8.0,28.0
315,2021-11-12,474.0,24.0,19.8,,592.0,16.0,37.0,,545.0,4387.0,4562.0,,,5.0,17.0
316,2021-11-13,401.0,24.0,16.7,,0.0,16.0,0.0,,58.0,,,,,,
317,2021-11-14,310.0,24.0,12.9,,0.0,16.0,0.0,,0.0,,,,CFPWH Daily Report not working,,
318,2021-11-15,394.0,24.0,16.4,,622.0,16.0,38.9,,528.0,4777.0,4166.0,,,8.0,19.0
319,2021-11-16,426.0,24.0,17.8,,462.0,16.0,28.9,,623.0,4613.0,4334.0,,,16.0,5.0
320,2021-11-17,446.0,24.0,18.6,,607.0,16.0,37.9,,707.0,4495.0,4452.0,,,22.0,44.0
321,2021-11-18,551.0,24.0,23.0,,507.0,16.0,31.7,,553.0,4451.0,4495.0,,,8.0,20.0
322,2021-11-19,563.0,24.0,23.5,,456.0,16.0,28.5,,587.0,4404.0,4540.0,,,17.0,37.0
323,2021-11-20,495.0,24.0,20.6,,106.0,16.0,6.6,,83.0,,,,,,
324,2021-11-21,447.0,24.0,18.6,,0.0,16.0,0.0,,0.0,,,,,20.0,99.0
325,2021-11-22,471.0,24.0,19.6,,610.0,16.0,38.1,,479.0,4946.0,3992.0,,,,
326,2021-11-23,453.0,24.0,18.9,,483.0,16.0,30.2,,577.0,4848.0,4097.0,,,24.0,95.0
327,2021-11-24,532.0,24.0,22.2,,0.0,16.0,0.0,,321.0,4765.0,4179.0,,,21.0,106.0
328,2021-11-25,534.0,24.0,22.3,,0.0,16.0,0.0,,0.0,,,,,26.0,165.0
329,2021-11-26,437.0,24.0,18.2,,0.0,16.0,0.0,,0.0,,,,,,
330,2021-11-27,248.0,24.0,10.3,,0.0,16.0,0.0,,0.0,,,,,,
331,2021-11-28,211.0,8.0,26.4,,0.0,16.0,0.0,,0.0,,,16.0,stacker 5 down,,
332,2021-11-29,231.0,21.0,11.0,,0.0,16.0,0.0,,590.0,5867.0,3022.0,3.0,"stacker 4, 5",36.0,124.0
333,2021-11-30,309.0,24.0,12.9,,0.0,8.0,0.0,,808.0,5777.0,3107.0,8.0,stacker 2,38.0,101.0
334,2021-12-01,222.0,24.0,9.3,,0.0,16.0,0.0,,714.0,5721.0,3158.0,,CFP WH Daily Report Error ,,
335,2021-12-02,229.0,24.0,9.5,,0.0,16.0,0.0,,689.0,5554.0,3331.0,,CFP WH Daily Report Error ,50.0,90.0
336,2021-12-03,181.0,24.0,7.5,,,16.0,0.0,,707.0,5332.0,3553.0,,,,
337,2021-12-04,261.0,24.0,10.9,,,16.0,0.0,,0.0,,,,,,
338,2021-12-05,261.0,24.0,10.9,,,16.0,0.0,,0.0,,,,,,
339,2021-12-06,468.0,24.0,19.5,,,16.0,0.0,,617.0,5725.0,3187.0,,CFP WH Daily Report Error ,38.0,118.0
340,2021-12-07,512.0,24.0,21.3,,,16.0,0.0,,747.0,5658.0,3268.0,,CFP WH Daily Report Error ,73.0,104.0
341,2021-12-08,228.0,24.0,9.5,,,16.0,0.0,,689.0,5505.0,3404.0,,CFP WH Daily Report Error ,68.0,109.0
342,2021-12-09,236.0,24.0,9.8,,,16.0,0.0,,697.0,5386.0,3530.0,,CFP WH Daily Report Error ,34.0,112.0
343,2021-12-10,236.0,24.0,9.8,,,16.0,0.0,,0.0,5263.0,3670.0,,,29.0,114.0
344,2021-12-11,214.0,24.0,8.9,,,16.0,0.0,,0.0,,,,,,
345,2021-12-12,244.0,24.0,10.2,,,16.0,0.0,,0.0,,,,,,
346,2021-12-13,179.0,24.0,7.5,,,16.0,0.0,,0.0,5614.0,3310.0,,,34.0,147.0
347,2021-12-14,226.0,24.0,9.4,,,16.0,0.0,,828.0,5570.0,3362.0,,,34.0,163.0
348,2021-12-15,213.0,24.0,8.9,,,16.0,0.0,,457.0,5483.0,3439.0,,,38.0,112.0
349,2021-12-16,208.0,24.0,8.7,,,16.0,0.0,,665.0,5312.0,3637.0,,,39.0,121.0
350,2021-12-17,200.0,24.0,8.3,,,16.0,0.0,,461.0,5263.0,3679.0,2.0,,43.0,98.0
351,2021-12-18,283.0,24.0,11.8,,,16.0,0.0,,168.0,,,6.0,,,
352,2021-12-19,236.0,24.0,9.8,,0.0,16.0,0.0,,0.0,,,6.0,,,
353,2021-12-20,177.0,24.0,7.4,,,16.0,0.0,,413.0,5677.0,3224.0,,,,
354,2021-12-21,156.0,24.0,6.5,,,16.0,0.0,,478.0,5520.0,3364.0,,,,
355,2021-12-22,,24.0,0.0,,,16.0,0.0,,,5438.0,3445.0,,,,
356,2021-12-23,,24.0,0.0,,,16.0,0.0,,,,,,,,
357,2021-12-24,,24.0,0.0,,,16.0,0.0,,,,,,,,
358,2021-12-25,,24.0,0.0,,,16.0,0.0,,,,,,,,
359,2021-12-26,,24.0,0.0,,,16.0,0.0,,,,,,,,
360,2021-12-27,,24.0,0.0,,,16.0,0.0,,,,,,,,
361,2021-12-28,,24.0,0.0,,,16.0,0.0,,,,,,,,
362,2021-12-29,,24.0,0.0,,,16.0,0.0,,,,,,,,
363,2021-12-30,,24.0,0.0,,,16.0,0.0,,,,,,,,
364,2021-12-31,,24.0,0.0,,,16.0,0.0,,,,,,,,
365,2022-01-01,,24.0,0.0,,,16.0,0.0,,,,,,,,
366,2022-01-02,,24.0,0.0,,,16.0,0.0,,,,,,,,
367,2022-01-03,,24.0,0.0,,,16.0,0.0,,,,,1.0,stacker 3 ,,
368,2022-01-04,345.0,24.0,14.4,,396.0,16.0,24.8,,460.0,5492.0,3377.0,,,,
369,2022-01-05,359.0,24.0,15.0,,597.0,16.0,37.3,,547.0,5330.0,3533.0,,,24.0,151.0
370,2022-01-06,384.0,24.0,16.0,,380.0,16.0,23.8,,622.0,5258.0,3603.0,6.0,"stacker 2, 3",15.0,144.0
371,2022-01-07,380.0,24.0,15.8,,580.0,16.0,36.3,,,,,4.0,"stacker 2, 3",22.0,144.0
372,2022-01-08,413.0,24.0,17.2,,163.0,16.0,10.2,,,,,,,,
373,2022-01-09,291.0,24.0,12.1,,21.0,16.0,1.3,,,,,,,,
374,2022-01-10,378.0,24.0,15.8,,577.0,16.0,36.1,,641.0,5434.0,3416.0,,,34.0,152.0
375,2022-01-11,331.0,24.0,13.8,,593.0,16.0,37.1,,602.0,5354.0,3497.0,,,28.0,130.0
376,2022-01-12,394.0,24.0,16.4,,647.0,16.0,40.4,,430.0,5322.0,3625.0,,7375 duplicates,62.0,93.0
377,2022-01-13,460.0,24.0,19.2,,504.0,16.0,31.5,,580.0,5197.0,3749.0,,,31.0,94.0
378,2022-01-14,408.0,24.0,17.0,,444.0,16.0,27.8,,681.0,,,,,23.0,282.0
379,2022-01-15,395.0,24.0,16.5,,191.0,16.0,11.9,,48.0,,,,,,
380,2022-01-16,406.0,24.0,16.9,,28.0,16.0,1.8,,0.0,,,,,,
381,2022-01-17,389.0,24.0,16.2,,529.0,16.0,33.1,,662.0,5402.0,3544.0,,No map file,86.0,103.0
382,2022-01-18,475.0,24.0,19.8,,692.0,16.0,43.3,,616.0,5314.0,3669.0,,,35.0,92.0
383,2022-01-19,304.0,24.0,12.7,,532.0,16.0,33.3,,537.0,5187.0,3758.0,3.0,stacker 2 ,32.0,85.0
384,2022-01-20,435.0,24.0,18.1,,506.0,16.0,31.6,,423.0,5128.0,3817.0,4.0,"CMA down, ac inverter",32.0,77.0
385,2022-01-21,465.0,24.0,19.4,,466.0,16.0,29.1,,491.0,5088.0,3849.0,,,,
386,2022-01-22,556.0,24.0,23.2,,63.0,16.0,3.9,,163.0,,,2.0,stacker 4,,
387,2022-01-23,,24.0,0.0,,,16.0,0.0,,,,,,,,
388,2022-01-24,443.0,24.0,18.5,,609.0,16.0,38.1,,561.0,5557.0,3375.0,4.0,"stacker 4, truck stuck in ditch",74.0,87.0
389,2022-01-25,513.0,24.0,21.4,,762.0,16.0,47.6,,743.0,5529.0,3406.0,3.0,stacker3,42.0,91.0
390,2022-01-26,495.0,24.0,20.6,,616.0,16.0,38.5,,581.0,5342.0,3595.0,,,40.0,94.0
391,2022-01-27,421.0,24.0,17.5,,546.0,16.0,34.1,,636.0,5264.0,3662.0,,,40.0,78.0
392,2022-01-28,496.0,24.0,20.7,,626.0,16.0,39.1,,579.0,,,,,45.0,87.0
393,2022-01-29,457.0,24.0,19.0,,159.0,16.0,9.9,,142.0,,,,,,
394,2022-01-30,451.0,24.0,18.8,,61.0,16.0,3.8,,0.0,,,,,,
395,2022-01-31,409.0,24.0,17.0,,544.0,16.0,34.0,,566.0,5535.0,3409.0,,,44.0,116.0
396,2022-02-01,409.0,24.0,17.0,,624.0,16.0,39.0,,406.0,5456.0,3484.0,,,28.0,81.0
397,2022-02-02,424.0,24.0,17.7,,578.0,16.0,36.1,,521.0,5352.0,3588.0,,,46.0,88.0
398,2022-02-03,225.0,24.0,9.4,,281.0,16.0,17.6,,477.0,5272.0,3670.0,4.0,,38.0,80.0
399,2022-02-04,397.0,24.0,16.5,,160.0,16.0,10.0,,247.0,5221.0,3715.0,4.0,,,
400,2022-02-05,479.0,24.0,20.0,,0.0,16.0,0.0,,2.0,,,,,,
401,2022-02-06,423.0,24.0,17.6,,0.0,16.0,0.0,,,,,,,,
402,2022-02-07,396.0,24.0,16.5,,694.0,16.0,43.4,,489.0,5801.0,3131.0,,,,
403,2022-02-08,526.0,24.0,21.9,,537.0,16.0,33.6,,660.0,5775.0,3167.0,4.0,stacker 3 rail,,
404,2022-02-09,554.0,24.0,23.1,,556.0,16.0,34.8,,503.0,5752.0,3174.0,,,53.0,85.0
405,2022-02-10,452.0,24.0,18.8,,629.0,16.0,39.3,,578.0,,,,,,
406,2022-02-11,421.0,24.0,17.5,,448.0,16.0,28.0,,561.0,5629.0,3294.0,,,,
407,2022-02-12,380.0,24.0,15.8,,0.0,16.0,0.0,,50.0,,,,,,
408,2022-02-13,390.0,24.0,16.3,,0.0,16.0,0.0,,,,,,,,
409,2022-02-14,389.0,24.0,16.2,,531.0,16.0,33.2,,540.0,6051.0,2880.0,4.0,"stacker 1, 2, 3",53.0,63.0
410,2022-02-15,445.0,24.0,18.5,,675.0,16.0,42.2,,578.0,6051.0,2880.0,,,,
411,2022-02-16,572.0,24.0,23.8,,658.0,16.0,41.1,,480.0,5970.0,2957.0,3.0,"stacker 4, 5",,
412,2022-02-17,519.0,24.0,21.6,,547.0,16.0,34.2,,623.0,5847.0,3082.0,,,,
413,2022-02-18,543.0,24.0,22.6,,444.0,16.0,27.8,,,5754.0,3182.0,3.0,stacker 3,,
414,2022-02-19,383.0,24.0,16.0,,130.0,16.0,8.1,,48.0,,,,,,
415,2022-02-20,284.0,24.0,11.8,,0.0,16.0,0.0,,,,,,,,
416,2022-02-21,302.0,24.0,12.6,,0.0,16.0,0.0,,,,,,,,
417,2022-02-22,344.0,24.0,14.3,,663.0,16.0,41.4,,572.0,6301.0,2637.0,,,,
418,2022-02-23,336.0,24.0,14.0,,559.0,16.0,34.9,,642.0,6096.0,2845.0,,,,
419,2022-02-24,470.0,24.0,19.6,,528.0,16.0,33.0,,572.0,5970.0,2962.0,,,,
420,2022-02-25,505.0,24.0,21.0,,534.0,16.0,33.4,,576.0,5892.0,3047.0,,,67.0,66.0
421,2022-02-26,469.0,24.0,19.5,,214.0,16.0,13.4,,147.0,,,,,,
422,2022-02-27,410.0,24.0,17.1,,0.0,16.0,0.0,,,,,,,,
423,2022-02-28,458.0,24.0,19.1,,641.0,16.0,40.1,,926.0,6230.0,2704.0,,,,
424,2022-03-01,416.0,24.0,17.3,,680.0,16.0,42.5,,556.0,,,,,71.0,71.0
425,2022-03-02,481.0,24.0,20.0,,547.0,16.0,34.2,,629.0,5983.0,2956.0,,,,
426,2022-03-03,521.0,24.0,21.7,,597.0,16.0,37.3,,494.0,5901.0,3038.0,,,,
427,2022-03-04,532.0,24.0,22.2,,543.0,16.0,33.9,,,5833.0,3106.0,,,69.0,79.0
428,2022-03-05,431.0,24.0,18.0,,195.0,16.0,12.2,,,,,,,,
429,2022-03-06,437.0,24.0,18.2,,158.0,16.0,9.9,,,,,,,,
430,2022-03-07,380.0,24.0,15.8,,516.0,16.0,32.3,,742.0,6128.0,2801.0,,,77.0,88.0
431,2022-03-08,477.0,24.0,19.9,,614.0,16.0,38.4,,511.0,6061.0,2869.0,,,64.0,96.0
432,2022-03-09,378.0,24.0,15.8,,619.0,16.0,38.7,,600.0,5965.0,2964.0,,,65.0,103.0
433,2022-03-10,519.0,24.0,21.6,,620.0,16.0,38.8,,496.0,5843.0,3096.0,,,68.0,97.0
434,2022-03-11,460.0,24.0,19.2,,495.0,16.0,30.9,,652.0,581.0,3117.0,,,64.0,
435,2022-03-12,489.0,24.0,20.4,,58.0,16.0,3.6,,22.0,,,,,,
436,2022-03-13,591.0,24.0,24.6,,0.0,16.0,0.0,,0.0,,,24.0,stacker 1,,
437,2022-03-14,454.0,24.0,18.9,,550.0,16.0,34.4,,639.0,6424.0,2508.0,5.0,stacker 1,64.0,94.0
438,2022-03-15,472.0,24.0,19.7,,573.0,16.0,35.8,,625.0,6385.0,2544.0,6.0,,77.0,100.0
439,2022-03-16,397.0,24.0,16.5,,478.0,16.0,29.9,,582.0,6315.0,2614.0,14.0,stacker 4,78.0,95.0
440,2022-03-17,403.0,24.0,16.8,,618.0,16.0,38.6,,530.0,6229.0,2689.0,4.0,stacker 4,75.0,95.0
441,2022-03-18,423.0,24.0,17.6,,516.0,16.0,32.3,,505.0,6127.0,2776.0,6.0,stacker 3,83.0,105.0
442,2022-03-19,392.0,24.0,16.3,,230.0,16.0,14.4,,265.0,,,24.0,stacker 3,,
443,2022-03-20,389.0,24.0,16.2,,42.0,16.0,2.6,,,,,24.0,stacker 3,,
444,2022-03-21,376.0,24.0,15.7,,581.0,16.0,36.3,,495.0,6401.0,2483.0,4.0,stacker3,,
445,2022-03-22,371.0,24.0,15.5,,748.0,16.0,46.8,,803.0,6347.0,2535.0,,,,
446,2022-03-23,383.0,24.0,16.0,,714.0,16.0,44.6,,547.0,6150.0,2734.0,4.0,stacker 1,83.0,96.0
447,2022-03-24,390.0,24.0,16.3,,693.0,16.0,43.3,,592.0,5928.0,2986.0,,,,
448,2022-03-25,419.0,24.0,17.5,,598.0,16.0,37.4,,736.0,5799.0,3132.0,,,,
449,2022-03-26,401.0,24.0,16.7,,172.0,16.0,10.8,,194.0,,,,,,
450,2022-03-27,459.0,24.0,19.1,,52.0,16.0,3.3,,0.0,,,,,,
451,2022-03-28,453.0,24.0,18.9,,618.0,16.0,38.6,,732.0,6060.0,2867.0,,,,
452,2022-03-29,454.0,24.0,18.9,,707.0,16.0,44.2,,435.0,,,,,,
453,2022-03-30,502.0,24.0,20.9,,571.0,16.0,35.7,,553.0,5803.0,3123.0,,,,
454,2022-03-31,,24.0,0.0,,,16.0,0.0,,,5705.0,3219.0,,,59.0,87.0
455,2022-04-01,502.0,24.0,20.9,,612.0,16.0,38.3,,795.0,1289.0,257.0,,,,
456,2022-04-02,524.0,24.0,21.8,,205.0,16.0,12.8,,218.0,,,,,,
457,2022-04-03,483.0,24.0,20.1,,4.0,16.0,0.3,,0.0,,,,,,
458,2022-04-04,441.0,24.0,18.4,,612.0,16.0,38.3,,522.0,6043.0,2871.0,,,,
459,2022-04-05,413.0,24.0,17.2,,567.0,16.0,35.4,,704.0,5921.0,2987.0,,,66.0,53.0
460,2022-04-06,454.0,24.0,18.9,,641.0,16.0,40.1,,592.0,1908.0,3148.0,,,64.0,54.0
461,2022-04-07,503.0,24.0,21.0,,644.0,16.0,40.3,,610.0,5671.0,3232.0,,,55.0,64.0
462,2022-04-08,493.0,24.0,20.5,,578.0,16.0,36.1,,622.0,5556.0,3339.0,,,58.0,58.0
463,2022-04-09,436.0,24.0,18.2,,179.0,16.0,11.2,,59.0,,,,,,
464,2022-04-10,234.0,24.0,9.8,,0.0,16.0,0.0,,0.0,,,,,,
465,2022-04-11,517.0,24.0,21.5,,573.0,16.0,35.8,,629.0,5936.0,2953.0,,,62.0,78.0
466,2022-04-12,513.0,24.0,21.4,,583.0,16.0,36.4,,545.0,5901.0,3019.0,,,67.0,66.0
467,2022-04-13,505.0,24.0,21.0,,663.0,16.0,41.4,,670.0,5842.0,3086.0,,,71.0,38.0
468,2022-04-14,519.0,24.0,21.6,,610.0,16.0,38.1,,,5788.0,3149.0,,,66.0,7.0
469,2022-04-15,418.0,24.0,17.4,,148.0,16.0,9.3,,18.0,,,5.0,,,
470,2022-04-16,467.0,24.0,19.5,,77.0,16.0,4.8,,,,,,,,
471,2022-04-17,450.0,24.0,18.8,,222.0,16.0,13.9,,45.0,,,,,,
472,2022-04-18,452.0,24.0,18.8,,411.0,16.0,25.7,,588.0,,,6.0,stacker 3,,
473,2022-04-19,400.0,24.0,16.7,,658.0,16.0,41.1,,568.0,6283.0,2645.0,,,65.0,0.0
474,2022-04-20,411.0,24.0,17.1,,569.0,16.0,35.6,,766.0,3793.0,2186.0,6.0,stacker 1,54.0,16.0
475,2022-04-21,408.0,24.0,17.0,,736.0,16.0,46.0,,758.0,6085.0,2846.0,,,54.0,19.0
476,2022-04-22,475.0,24.0,19.8,,636.0,16.0,39.8,,788.0,5892.0,3030.0,,,,
477,2022-04-23,482.0,24.0,20.1,,227.0,16.0,14.2,,219.0,,,,,,
478,2022-04-24,437.0,24.0,18.2,,160.0,16.0,10.0,,,,,,,,
479,2022-04-25,431.0,24.0,18.0,,452.0,16.0,28.3,,596.0,6118.0,2793.0,24.0,stacker 1,53.0,291.0
480,2022-04-26,490.0,24.0,20.4,,415.0,16.0,25.9,,634.0,6076.0,2840.0,3.0,stacker 1,51.0,10.0
481,2022-04-27,477.0,24.0,19.9,,747.0,16.0,46.7,,735.0,5948.0,2963.0,,,52.0,26.0
482,2022-04-28,,24.0,0.0,,,16.0,0.0,,,5846.0,3085.0,,,,
483,2022-04-29,,24.0,0.0,,,16.0,0.0,,,,,,,,
484,2022-04-30,,24.0,0.0,,,16.0,0.0,,,,,,,,
485,2022-05-01,310.0,24.0,12.9,,42.0,16.0,2.6,,0.0,,,,,,
486,2022-05-02,485.0,24.0,20.2,,578.0,16.0,36.1,,673.0,5943.0,2985.0,24.0,stacker 2 rail,53.0,44.0
487,2022-05-03,390.0,24.0,16.3,,666.0,16.0,41.6,,668.0,5937.0,2996.0,24.0,stacker 2 rail,53.0,44.0
488,2022-05-04,381.0,24.0,15.9,,649.0,16.0,40.6,,671.0,5751.0,3183.0,24.0,stacker 2 rail,57.0,31.0
489,2022-05-05,419.0,24.0,17.5,,674.0,16.0,42.1,,515.0,5565.0,3368.0,24.0,stacker 2 rail,59.0,178.0
490,2022-05-06,241.0,24.0,10.0,,264.0,16.0,16.5,,649.0,5366.0,3565.0,24.0,stacker 2 rail,57.0,17.0
491,2022-05-07,,24.0,0.0,,,16.0,0.0,,0.0,,,24.0,stacker 2 rail,4.0,58.0
492,2022-05-08,,24.0,0.0,,,16.0,0.0,,0.0,,,24.0,stacker 2 rail,,
493,2022-05-09,316.0,24.0,13.2,,644.0,16.0,40.3,,650.0,5273.0,3659.0,24.0,stacker 2 rail,52.0,38.0
494,2022-05-10,488.0,24.0,20.3,,612.0,16.0,38.3,,484.0,5137.0,3798.0,24.0,stacker 2 rail,57.0,11.0
495,2022-05-11,417.0,24.0,17.4,,538.0,16.0,33.6,,544.0,5047.0,3886.0,24.0,stacker 2 rail,68.0,4.0
496,2022-05-12,418.0,24.0,17.4,,608.0,16.0,38.0,,490.0,4982.0,3956.0,24.0,stacker 2 rail,25.0,9.0
497,2022-05-13,412.0,24.0,17.2,,561.0,16.0,35.1,,607.0,4891.0,4048.0,6.0,stacker 2 rail,0.0,0.0
498,2022-05-14,426.0,24.0,17.8,,152.0,16.0,9.5,,0.0,,,,,,
499,2022-05-15,437.0,24.0,18.2,,36.0,16.0,2.3,,0.0,,,,,,
500,2022-05-16,373.0,24.0,15.5,,645.0,16.0,40.3,,458.0,5228.0,3710.0,,,7.0,40.0
501,2022-05-17,513.0,24.0,21.4,,651.0,16.0,40.7,,610.0,5069.0,3870.0,,,11.0,0.0
502,2022-05-18,459.0,24.0,19.1,,528.0,16.0,33.0,,570.0,5015.0,3923.0,,,10.0,3.0
503,2022-05-19,431.0,24.0,18.0,,516.0,16.0,32.3,,517.0,4937.0,3997.0,,,17.0,15.0
504,2022-05-20,464.0,24.0,19.3,,577.0,16.0,36.1,,689.0,4919.0,4016.0,,,11.0,8.0
505,2022-05-21,500.0,24.0,20.8,,153.0,16.0,9.6,,47.0,,,,,,
506,2022-05-22,481.0,24.0,20.0,,0.0,16.0,0.0,,0.0,,,,,,
507,2022-05-23,425.0,24.0,17.7,,458.0,16.0,28.6,,600.0,5314.0,3597.0,,,12.0,40.0
508,2022-05-24,378.0,24.0,15.8,,731.0,16.0,45.7,,,5316.0,3598.0,,,11.0,1.0
509,2022-05-25,559.0,24.0,23.3,,717.0,16.0,44.8,,,,,,,,
510,2022-05-26,448.0,24.0,18.7,,666.0,16.0,41.6,,,,,,,,
511,2022-05-27,489.0,24.0,20.4,,345.0,16.0,21.6,,,,,,,,
512,2022-05-28,489.0,24.0,20.4,,177.0,16.0,11.1,,,,,,,,
513,2022-05-29,481.0,24.0,20.0,,0.0,16.0,0.0,,,,,,,,
514,2022-05-30,422.0,24.0,17.6,,25.0,16.0,1.6,,,,,,,,
515,2022-05-31,474.0,24.0,19.8,,386.0,16.0,24.125,,584.0,5638.0,3296.0,,,2.0,0.0
516,2022-06-01,437.0,24.0,18.2,,687.0,16.0,42.9,,724.0,5494.0,3440.0,,,12.0,4.0
517,2022-06-02,432.0,24.0,18.0,,589.0,16.0,36.8,,491.0,5426.0,3511.0,,,3.0,0.0
518,2022-06-03,488.0,24.0,20.3,,360.0,16.0,22.5,,372.0,,,,,,
519,2022-06-04,464.0,24.0,19.3,,0.0,16.0,0.0,,0.0,,,,,,
520,2022-06-05,441.0,24.0,18.4,,219.0,16.0,13.7,,0.0,,,,,,
521,2022-06-06,481.0,24.0,20.0,,662.0,16.0,41.4,,806.0,5829.0,3090.0,,,,
522,2022-06-07,483.0,24.0,20.1,,644.0,16.0,40.3,,650.0,5749.0,3184.0,,,,
523,2022-06-08,360.0,24.0,15.0,,502.0,16.0,31.4,,327.0,5692.0,3217.0,,,13.0,41.0
524,2022-06-09,426.0,24.0,17.8,,502.0,16.0,31.4,,579.0,5599.0,3317.0,,,33.0,8.0
525,2022-06-10,463.0,24.0,19.3,,530.0,16.0,33.1,,652.0,5607.0,3318.0,,,23.0,5.0
526,2022-06-11,471.0,24.0,19.6,,179.0,16.0,11.2,,154.0,,,,,,
527,2022-06-12,0.0,24.0,0.0,,0.0,16.0,0.0,,0.0,,,,,,
528,2022-06-13,428.0,24.0,17.8,,600.0,16.0,37.5,,729.0,5861.0,3073.0,,,25.0,63.0
529,2022-06-14,465.0,24.0,19.4,,675.0,16.0,42.2,,617.0,5939.0,3196.0,,,19.0,5.0
530,2022-06-15,463.0,24.0,19.3,,625.0,16.0,39.1,,733.0,5609.0,3320.0,,,42.0,26.0
531,2022-06-16,328.0,24.0,13.7,,762.0,16.0,47.6,,512.0,5298.0,3633.0,,,25.0,5.0
532,2022-06-17,540.0,24.0,22.5,,550.0,16.0,34.4,,,,,,,19.0,5.0
533,2022-06-18,541.0,24.0,22.5,,175.0,16.0,10.9,,681.0,,,,,,
534,2022-06-19,446.0,24.0,18.6,,0.0,16.0,0.0,,,,,,,,
535,2022-06-20,420.0,24.0,17.5,,556.0,16.0,34.8,,776.0,5769.0,3165.0,,,4.0,118.0
536,2022-06-21,471.0,24.0,19.6,,599.0,16.0,37.4,,553.0,5749.0,3184.0,,,5.0,30.0
537,2022-06-22,471.0,24.0,19.6,,605.0,16.0,37.8,,671.0,5570.0,3362.0,,,25.0,5.0
538,2022-06-23,489.0,24.0,20.4,,603.0,16.0,37.7,,617.0,5465.0,3467.0,,,23.0,5.0
539,2022-06-24,476.0,24.0,19.8,,582.0,16.0,36.4,,725.0,5365.0,3566.0,,,8.0,3.0
540,2022-06-25,490.0,24.0,20.4,,290.0,16.0,18.1,,,,,,,,
541,2022-06-26,337.0,24.0,14.0,,21.0,16.0,1.3,,,,,,,,
542,2022-06-27,506.0,24.0,21.1,,634.0,16.0,39.6,,421.0,5625.0,3308.0,,,4.0,4.0
543,2022-06-28,378.0,24.0,15.8,,644.0,16.0,40.3,,677.0,5540.0,3392.0,,,23.0,3.0
544,2022-06-29,,24.0,0.0,,,16.0,0.0,,,5418.0,3517.0,,,5.0,6.0
545,2022-06-30,,24.0,0.0,,,16.0,0.0,,,,,,,,
546,2022-07-07,,24.0,0.0,,,16.0,0.0,,623.0,,,,,1.0,80.0
547,2022-07-08,,24.0,0.0,,,16.0,0.0,,494.0,,,,,2.0,80.0
548,2022-07-09,,24.0,0.0,,,16.0,0.0,,0.0,,,,,,
549,2022-07-10,,24.0,0.0,,,16.0,0.0,,0.0,,,,,,
550,2022-07-11,383.0,24.0,16.0,,525.0,16.0,32.8,,616.0,,,,,2.0,77.0
551,2022-07-12,437.0,24.0,18.2,,563.0,16.0,35.2,,551.0,,,,,39.0,69.0
552,2022-07-13,393.0,24.0,16.4,,419.0,16.0,26.2,,411.0,,,,,50.0,68.0
553,2022-07-14,375.0,24.0,15.6,,487.0,16.0,30.4,,416.0,,,,,48.0,70.0
554,2022-07-15,414.0,24.0,17.3,,374.0,16.0,23.4,,731.0,,,,,46.0,68.0
555,2022-07-16,423.0,24.0,17.6,,112.0,16.0,7.0,,58.0,,,,,,
556,2022-07-17,347.0,24.0,14.5,,0.0,16.0,0.0,,0.0,,,,,,
557,2022-07-18,357.0,24.0,14.9,,453.0,16.0,28.3,,363.0,,,,,44.0,96.0
558,2022-07-19,404.0,24.0,16.8,,499.0,16.0,31.2,,418.0,,,,,,
559,2022-07-20,413.0,24.0,17.2,,490.0,16.0,30.6,,399.0,5947.0,2987.0,,,46.0,69.0
560,2022-07-21,398.0,24.0,16.6,,466.0,16.0,29.1,,415.0,5893.0,3041.0,,,39.0,71.0
561,2022-07-22,430.0,24.0,17.9,,456.0,16.0,28.5,,437.0,5870.0,3064.0,,,38.0,3.0
562,2022-07-23,419.0,24.0,17.5,,0.0,16.0,0.0,,,,,,,,
563,2022-07-24,465.0,24.0,19.4,,28.0,16.0,1.8,,,,,,,,
564,2022-07-25,408.0,24.0,17.0,,697.0,16.0,43.6,,646.0,6294.0,2639.0,,,40.0,18.0
565,2022-07-26,399.0,24.0,16.6,,594.0,16.0,37.1,,559.0,6129.0,2804.0,,,27.0,19.0
566,2022-07-27,432.0,24.0,18.0,,568.0,16.0,35.5,,522.0,6065.0,2868.0,,,15.0,6.0
567,2022-07-28,386.0,24.0,16.1,,581.0,16.0,36.3,,564.0,5993.0,2941.0,,,8.0,5.0
568,2022-07-29,405.0,24.0,16.9,,463.0,16.0,28.9,,563.0,3197.0,1831.0,,,8.0,5.0
569,2022-07-30,434.0,24.0,18.1,,73.0,16.0,4.6,,97.0,,,,,,
570,2022-07-31,443.0,,,,73.0,,,,0.0,,,,,,
571,2022-08-01,464.0,24.0,19.3,,542.0,16.0,33.9,,403.0,4144.0,1376.0,,,11.0,5.0
572,2022-08-02,477.0,24.0,19.9,,568.0,16.0,35.5,,541.0,6265.0,2669.0,1.0,,14.0,15.0
573,2022-08-03,481.0,24.0,20.0,,522.0,16.0,32.6,,515.0,6232.0,2700.0,,,10.0,76.0
574,2022-08-04,435.0,24.0,18.1,,510.0,16.0,31.9,,508.0,6201.0,2733.0,,,9.0,10.0
575,2022-08-05,464.0,24.0,19.3,,622.0,16.0,38.9,,718.0,3399.0,1230.0,,,8.0,13.0
576,2022-08-06,366.0,24.0,15.3,,93.0,16.0,5.8,,,,,,,,
577,2022-08-07,475.0,24.0,19.8,,2.0,16.0,0.1,,,,,,,,
578,2022-08-08,479.0,24.0,20.0,,563.0,16.0,35.2,,452.0,6454.0,2480.0,,,20.0,5.0
579,2022-08-09,461.0,24.0,19.2,,471.0,16.0,29.4,,656.0,6411.0,2552.0,,,16.0,5.0
580,2022-08-10,432.0,24.0,18.0,,597.0,16.0,37.3,,525.0,6400.0,2533.0,,,13.0,7.0
581,2022-08-11,452.0,24.0,18.8,,486.0,16.0,30.4,,527.0,6332.0,2602.0,,,11.0,5.0
582,2022-08-12,524.0,24.0,21.8,,491.0,16.0,30.7,,,6337.0,2597.0,,,10.0,34.0
583,2022-08-13,490.0,24.0,20.4,,0.0,16.0,0.0,,,,,,,,
584,2022-08-14,449.0,24.0,18.7,,0.0,16.0,0.0,,,,,,,,
585,2022-08-15,527.0,24.0,22.0,,608.0,16.0,38.0,,637.0,,,,,,
586,2022-08-16,484.0,24.0,20.2,,744.0,16.0,46.5,,720.0,6843.0,2089.0,,,21.0,42.0
587,2022-08-17,497.0,24.0,20.7,,660.0,16.0,41.3,,540.0,6731.0,2201.0,,,16.0,38.0
588,2022-08-18,495.0,24.0,20.6,,645.0,16.0,40.3,,424.0,6623.0,2309.0,,,17.0,27.0
589,2022-08-19,486.0,24.0,20.3,,420.0,16.0,26.3,,639.0,6510.0,2422.0,,,21.0,18.0
590,2022-08-20,493.0,24.0,20.5,,101.0,16.0,6.3,,,,,,,,
591,2022-08-21,423.0,24.0,17.6,,0.0,16.0,0.0,,3.0,,,24.0,"stacker 3, 5 down",,
592,2022-08-22,464.0,24.0,19.3,,766.0,16.0,47.9,,705.0,7015.0,1916.0,,,11.0,76.0
593,2022-08-23,390.0,24.0,16.3,,587.0,16.0,36.7,,742.0,6795.0,2130.0,,,17.0,27.0
594,2022-08-24,381.0,24.0,15.9,,558.0,16.0,34.9,,395.0,6674.0,2256.0,,,12.0,18.0
595,2022-08-25,429.0,24.0,17.9,,382.0,16.0,23.9,,,6572.0,2359.0,,,12.0,14.0
596,2022-08-26,464.0,24.0,19.3,,482.0,16.0,30.1,,,6609.0,2322.0,,,11.0,13.0
597,2022-08-27,542.0,24.0,22.6,,108.0,16.0,6.8,,,,,,,,
598,2022-08-28,449.0,24.0,18.7,,14.0,16.0,0.9,,,,,,,,
599,2022-08-29,451.0,24.0,18.8,,548.0,16.0,34.3,,421.0,,,,,,
600,2022-08-30,466.0,24.0,19.4,,582.0,16.0,36.4,,701.0,6983.0,1948.0,,,19.0,13.0
601,2022-08-31,439.0,,,,407.0,,,,600.0,6918.0,2013.0,,,17.0,10.0
602,2022-09-01,407.0,24.0,17.0,,494.0,16.0,30.9,,300.0,6897.0,2034.0,,,18.0,10.0
603,2022-09-02,326.0,24.0,13.6,,469.0,16.0,29.3,,,6818.0,2113.0,,,14.0,15.0
604,2022-09-03,362.0,24.0,15.1,,0.0,16.0,0.0,,0.0,,,,,,
605,2022-09-04,399.0,24.0,16.6,,0.0,16.0,0.0,,0.0,,,,,,
606,2022-09-05,224.0,24.0,9.3,,0.0,16.0,0.0,,0.0,,,,,,
607,2022-09-06,301.0,24.0,12.5,,503.0,16.0,31.4,,561.0,7224.0,1695.0,,,17.0,14.0
608,2022-09-07,393.0,24.0,16.4,,561.0,16.0,35.1,,692.0,7082.0,1837.0,,,20.0,10.0
609,2022-09-08,396.0,24.0,16.5,,522.0,16.0,32.6,,314.0,6978.0,1936.0,,,17.0,16.0
610,2022-09-09,455.0,24.0,19.0,,476.0,16.0,29.8,,649.0,6868.0,2062.0,,,13.0,10.0
611,2022-09-10,445.0,24.0,18.5,,99.0,16.0,6.2,,,,,,,,
612,2022-09-11,404.0,24.0,16.8,,98.0,16.0,6.1,,,,,,,,
613,2022-09-12,406.0,24.0,16.9,,628.0,16.0,39.3,,692.0,,,,,20.0,10.0
614,2022-09-13,429.0,24.0,17.9,,616.0,16.0,38.5,,625.0,7292.0,1638.0,,,18.0,22.0
615,2022-09-14,416.0,24.0,17.3,,604.0,16.0,37.8,,566.0,6997.0,1932.0,,,14.0,12.0
616,2022-09-15,403.0,24.0,16.8,,462.0,16.0,28.9,,323.0,6891.0,2039.0,,,17.0,10.0
617,2022-09-16,389.0,24.0,16.2,,455.0,16.0,28.4,,585.0,6871.0,2059.0,,,16.0,10.0
618,2022-09-17,413.0,24.0,17.2,,144.0,16.0,9.0,,56.0,,,,,,
619,2022-09-18,433.0,24.0,18.0,,23.0,16.0,1.4,,,,,,,,
620,2022-09-19,386.0,24.0,16.1,,599.0,16.0,37.4,,599.0,981.0,222.0,,,11.0,18.0
621,2022-09-20,357.0,24.0,14.9,,363.0,16.0,22.7,,325.0,7066.0,1864.0,,,8.0,12.0
622,2022-09-21,372.0,24.0,15.5,,391.0,16.0,24.4,,376.0,7030.0,1900.0,,,10.0,12.0
623,2022-09-22,380.0,24.0,15.8,,581.0,16.0,36.3,,356.0,7020.0,1910.0,,,6.0,12.0
624,2022-09-23,371.0,24.0,15.5,,475.0,16.0,29.7,,718.0,6911.0,2019.0,,,14.0,4.0
625,2022-09-24,449.0,24.0,18.7,,92.0,16.0,5.8,,186.0,,,,,,
626,2022-09-25,481.0,24.0,20.0,,125.0,16.0,7.8,,,7253.0,1671.0,,,,
627,2022-09-26,402.0,24.0,16.8,,495.0,16.0,30.9,,758.0,7253.0,1671.0,,,6.0,49.0
628,2022-09-27,488.0,24.0,20.3,,567.0,16.0,35.4,,553.0,7151.0,1770.0,,,31.0,12.0
629,2022-09-28,445.0,24.0,18.5,,713.0,16.0,44.6,,509.0,7068.0,1858.0,,,12.0,23.0
630,2022-09-29,459.0,24.0,19.1,,393.0,16.0,24.6,,464.0,6951.0,1979.0,8.0,,13.0,25.0
631,2022-09-30,526.0,24.0,21.9,,596.0,16.0,37.3,,577.0,2601.0,657.0,,,,
632,2022-10-01,467.0,24.0,19.5,,0.0,16.0,0.0,,0.0,,,,,,
633,2022-10-02,313.0,24.0,13.0,,1.0,16.0,0.1,,0.0,,,,,,
634,2022-10-03,422.0,24.0,17.6,,414.0,16.0,25.9,,583.0,,,,,13.0,107.0
635,2022-10-04,450.0,24.0,18.8,,724.0,16.0,45.3,,645.0,7349.0,1575.0,,,18.0,10.0
636,2022-10-05,378.0,24.0,15.8,,397.0,16.0,24.8,,453.0,7227.0,1703.0,,,15.0,22.0
637,2022-10-06,361.0,24.0,15.0,,485.0,16.0,30.3,,278.0,7169.0,1761.0,,,13.0,179.0
638,2022-10-07,422.0,24.0,17.6,,75.0,16.0,4.7,,405.0,7105.0,1825.0,,,10.0,20.0
639,2022-10-08,356.0,24.0,14.8,,10.0,16.0,0.6,,,,,,,,
640,2022-10-09,98.0,24.0,4.1,,26.0,16.0,1.6,,,,,,,,
641,2022-10-10,446.0,24.0,18.6,,680.0,16.0,42.5,,261.0,7576.0,1354.0,,,5.0,34.0
642,2022-10-11,580.0,24.0,24.2,,521.0,16.0,32.6,,473.0,7445.0,1485.0,,,4.0,18.0
643,2022-10-12,614.0,24.0,25.6,,620.0,16.0,38.8,,716.0,7509.0,1421.0,,,8.0,11.0
644,2022-10-13,501.0,24.0,20.9,,731.0,16.0,45.7,,618.0,7549.0,1391.0,,,8.0,12.0
645,2022-10-14,402.0,24.0,16.8,,559.0,16.0,34.9,,540.0,7408.0,1532.0,,,9.0,12.0
646,2022-10-15,416.0,24.0,17.3,,75.0,16.0,4.7,,25.0,,,,,,
647,2022-10-16,320.0,24.0,13.3,,56.0,16.0,3.5,,,,,,,,
648,2022-10-17,483.0,24.0,20.1,,635.0,16.0,39.7,,584.0,7725.0,1200.0,,,2.0,15.0
649,2022-10-18,423.0,24.0,17.6,,647.0,16.0,40.4,,379.0,7667.0,1273.0,,,17.0,4.0
650,2022-10-19,425.0,24.0,17.7,,394.0,16.0,24.6,,555.0,7534.0,1409.0,,,15.0,15.0
651,2022-10-20,514.0,24.0,21.4,,619.0,16.0,38.7,,670.0,7540.0,1402.0,,,18.0,22.0
652,2022-10-21,403.0,24.0,16.8,,520.0,16.0,32.5,,709.0,7473.0,1472.0,,,5.0,54.0
653,2022-10-22,466.0,24.0,19.4,,100.0,16.0,6.3,,22.0,,,,,,
654,2022-10-23,347.0,24.0,14.5,,45.0,16.0,2.8,,0.0,,,,,,
655,2022-10-24,338.0,24.0,14.1,,616.0,16.0,38.5,,709.0,7714.0,1224.0,,,14.0,17.0
656,2022-10-25,189.0,24.0,7.9,,490.0,16.0,30.6,,584.0,7540.0,1406.0,,,8.0,40.0
657,2022-10-26,349.0,24.0,14.5,,678.0,16.0,42.4,,574.0,7413.0,1532.0,,,13.0,52.0
658,2022-10-27,353.0,24.0,14.7,,670.0,16.0,41.9,,346.0,7208.0,1737.0,,,7.0,52.0
659,2022-10-28,418.0,24.0,17.4,,909.0,16.0,56.8,,736.0,6983.0,1959.0,,,3.0,59.0
660,2022-10-29,428.0,24.0,173.0,,173.0,16.0,10.8,,148.0,,,,,,
661,2022-10-30,337.0,24.0,14.0,,23.0,16.0,1.4,,0.0,,,,,,
662,2022-10-31,528.0,,,,567.0,,,,,7302.0,1632.0,,,3.0,435.0
663,2022-11-01,355.0,24.0,14.8,,696.0,16.0,43.5,,515.0,7252.0,1689.0,,,,
664,2022-11-02,369.0,24.0,15.4,,541.0,16.0,33.8,,589.0,7071.0,1868.0,,,12.0,32.0
665,2022-11-03,361.0,24.0,15.0,,455.0,16.0,28.4,,391.0,6968.0,1975.0,,,3.0,40.0
666,2022-11-04,424.0,24.0,17.7,,433.0,16.0,27.1,,510.0,6933.0,2010.0,,,3.0,29.0
667,2022-11-05,391.0,24.0,16.3,,0.0,16.0,0.0,,,,,,,,
668,2022-11-06,380.0,24.0,15.8,,22.0,16.0,1.4,,,,,,,,
669,2022-11-07,375.0,24.0,15.6,,721.0,16.0,45.1,,467.0,7312.0,1630.0,,,14.0,83.0
670,2022-11-08,384.0,24.0,16.0,,554.0,16.0,34.6,,674.0,7102.0,1840.0,2.0,stacker 3 rail,14.0,69.0
671,2022-11-09,384.0,24.0,16.0,,543.0,16.0,33.9,,604.0,7012.0,1929.0,,,3.0,58.0
672,2022-11-10,362.0,24.0,15.1,,508.0,16.0,31.8,,465.0,6924.0,2018.0,,,8.0,60.0
673,2022-11-11,342.0,24.0,14.3,,329.0,16.0,20.6,,568.0,6876.0,2066.0,,,9.0,55.0
674,2022-11-12,353.0,24.0,14.7,,82.0,16.0,5.1,,,,,,,,
675,2022-11-13,376.0,24.0,15.7,,0.0,16.0,0.0,,,,,,,,
676,2022-11-14,380.0,24.0,15.8,,607.0,16.0,37.9,,454.0,7295.0,1641.0,,,5.0,53.0
677,2022-11-15,407.0,24.0,17.0,,592.0,16.0,37.0,,633.0,7199.0,1733.0,,,4.0,32.0
678,2022-11-16,382.0,24.0,15.9,,386.0,16.0,24.1,,502.0,7044.0,1894.0,,,5.0,57.0
679,2022-11-17,360.0,24.0,15.0,,657.0,16.0,41.1,,537.0,7048.0,1887.0,,,7.0,81.0
680,2022-11-18,404.0,24.0,16.8,,497.0,16.0,31.1,,732.0,6902.0,2041.0,,,13.0,38.0
681,2022-11-19,413.0,24.0,17.2,,404.0,16.0,25.3,,175.0,,,,,,
682,2022-11-20,455.0,24.0,19.0,,165.0,16.0,10.3,,,,,,,15.0,55.0
683,2022-11-21,426.0,24.0,17.8,,501.0,16.0,31.3,,359.0,7172.0,1771.0,,,15.0,56.0
684,2022-11-22,406.0,24.0,16.9,,325.0,16.0,20.3,,375.0,7116.0,1826.0,,,6.0,69.0
685,2022-11-23,421.0,24.0,17.5,,461.0,16.0,28.8,,303.0,7175.0,1766.0,,,6.0,60.0
686,2022-11-24,413.0,24.0,17.2,,0.0,16.0,0.0,,,,,,,,
687,2022-11-25,304.0,24.0,12.7,,0.0,16.0,0.0,,,,,,,,
688,2022-11-26,194.0,24.0,8.1,,0.0,16.0,0.0,,,,,,,,
689,2022-11-27,0.0,24.0,0.0,,24.0,16.0,1.5,,,,,,,,
690,2022-11-28,479.0,24.0,20.0,,660.0,16.0,41.3,,563.0,7831.0,1105.0,,,12.0,55.0
691,2022-11-29,494.0,24.0,173.0,,715.0,16.0,44.7,,750.0,7768.0,1173.0,,,7.0,42.0
692,2022-11-30,458.0,24.0,19.1,,583.0,16.0,36.4,,497.0,7607.0,1334.0,,,21.0,43.0
693,2022-12-01,448.0,24.0,18.7,,563.0,16.0,35.2,,471.0,7503.0,1439.0,,,49.0,33.0
694,2022-12-02,389.0,24.0,16.2,,574.0,16.0,35.9,,,7437.0,1494.0,,,48.0,56.0
695,2022-12-03,392.0,24.0,16.3,,94.0,16.0,5.9,,,,,,,,
696,2022-12-04,259.0,24.0,10.8,,20.0,16.0,1.3,,,,,,,,
697,2022-12-05,364.0,24.0,15.2,,701.0,16.0,43.8,,517.0,7618.0,1322.0,,,46.0,42.0
698,2022-12-06,334.0,24.0,13.9,,640.0,16.0,40.0,,638.0,7420.0,1521.0,,,44.0,60.0
699,2022-12-07,414.0,24.0,17.3,,539.0,16.0,33.7,,574.0,7258.0,1683.0,,,32.0,57.0
700,2022-12-08,365.0,24.0,15.2,,463.0,16.0,28.9,,522.0,7188.0,1752.0,,,61.0,52.0
701,2022-12-09,353.0,24.0,14.7,,606.0,16.0,37.9,,464.0,,,,,,
702,2022-12-10,354.0,24.0,14.8,,47.0,16.0,2.9,,98.0,,,,,,
703,2022-12-11,272.0,24.0,11.3,,91.0,16.0,5.7,,0.0,,,,,,
704,2022-12-12,319.0,24.0,13.3,,600.0,16.0,37.5,,604.0,7270.0,1669.0,,,119.0,91.0
705,2022-12-13,405.0,24.0,16.9,,433.0,16.0,27.1,,577.0,7099.0,1842.0,,,109.0,72.0
706,2022-12-14,438.0,24.0,18.3,,621.0,16.0,38.8,,689.0,7021.0,1920.0,,,61.0,74.0
707,2022-12-15,414.0,24.0,17.3,,528.0,16.0,33.0,,490.0,6893.0,2048.0,,,56.0,72.0
708,2022-12-16,310.0,24.0,12.9,,423.0,16.0,26.4,,489.0,,,,,5931.0,2106.0
709,2022-12-17,308.0,24.0,12.8,,108.0,16.0,6.8,,22.0,,,,,,
710,2022-12-18,247.0,24.0,10.3,,8.0,16.0,0.5,,,,,,,,
711,2022-12-19,355.0,24.0,14.8,,366.0,16.0,22.9,,599.0,,,,,7065.0,1872.0
712,2022-12-20,316.0,24.0,13.2,,433.0,16.0,27.1,,420.0,,,,,,
713,2022-12-21,360.0,24.0,15.0,,448.0,16.0,28.0,,359.0,,,,,,
714,2022-12-22,,24.0,0.0,,,16.0,0.0,,,,,,,,
715,2022-12-23,0.0,24.0,0.0,,0.0,16.0,0.0,,0.0,0.0,0.0,24.0,Year-End shutdown,0.0,0.0
716,2022-12-24,0.0,24.0,0.0,,0.0,16.0,0.0,,0.0,0.0,0.0,24.0,Year-End shutdown,0.0,0.0
717,2022-12-25,0.0,24.0,0.0,,0.0,16.0,0.0,,0.0,0.0,0.0,24.0,Year-End shutdown,0.0,0.0
718,2022-12-26,0.0,24.0,0.0,,0.0,16.0,0.0,,0.0,0.0,0.0,24.0,Year-End shutdown,0.0,0.0
719,2022-12-27,0.0,24.0,0.0,,0.0,16.0,0.0,,0.0,0.0,0.0,24.0,Year-End shutdown,0.0,0.0
720,2022-12-28,,24.0,0.0,,246.0,16.0,15.4,,,,,6.0,Year-End shutdown,0.0,0.0
721,2022-12-29,153.0,24.0,6.4,,352.0,16.0,22.0,,232.0,6779.0,2154.0,,,,
722,2022-12-30,,24.0,0.0,,,16.0,0.0,,,6636.0,2296.0,,,,
723,2022-12-31,203.0,,,,51.0,,,,,,,,,,
724,2023-01-01,237.0,24.0,9.875,,0.0,16.0,0.0,,,,,,,,
725,2023-01-09,364.0,24.0,15.166666666666666,,526.0,16.0,32.875,,786.0,6885.0,2032.0,,,66.0,88.0
726,2023-01-10,395.0,24.0,16.458333333333332,,95.0,16.0,5.9375,,,,,,,,
727,2023-01-11,436.0,24.0,18.166666666666668,,128.0,16.0,8.0,,71.0,,,,,,
728,2023-01-12,326.0,24.0,13.583333333333334,,421.0,16.0,26.3125,,415.0,,,,,,
729,2023-01-13,324.0,24.0,13.5,,539.0,16.0,33.6875,,439.0,6705.0,2220.0,,,62.0,61.0
730,2023-01-14,424.0,24.0,17.666666666666668,,518.0,16.0,32.375,,542.0,6780.0,2147.0,,,52.0,91.0
731,2023-01-15,296.0,24.0,12.333333333333334,,386.0,16.0,24.125,,245.0,6821.0,2106.0,,,58.0,91.0
732,2023-01-16,178.0,24.0,7.416666666666667,,7.0,16.0,0.4375,,,,,,,,
733,2023-02-01,441.0,24.0,18.375,,408.0,16.0,25.5,,485.0,7069.0,1867.0,,,21.0,19.0
734,2023-02-02,448.0,24.0,18.666666666666668,,576.0,16.0,36.0,,464.0,7114.0,1822.0,,,43.0,20.0
735,2023-02-03,402.0,24.0,16.75,,628.0,16.0,39.25,,432.0,7243.0,1692.0,,,35.0,6.0
736,2023-02-04,410.0,24.0,17.083333333333332,,0.0,16.0,0.0,,,,,,,,
737,2023-02-05,461.0,24.0,19.208333333333332,,53.0,16.0,3.3125,,97.0,,,,,,
738,2023-02-06,438.0,24.0,18.25,,508.0,16.0,31.75,,573.0,6835.0,2099.0,,,44.0,43.0
739,2023-02-07,463.0,24.0,19.291666666666668,,460.0,16.0,28.75,,442.0,6810.0,2124.0,,,34.0,7.0
740,2023-02-08,384.0,24.0,16.0,,406.0,16.0,25.375,,446.0,6809.0,2126.0,,,46.0,5.0
741,2023-02-09,383.0,24.0,15.958333333333334,,624.0,16.0,39.0,,603.0,6963.0,1973.0,,,39.0,12.0
742,2023-02-10,412.0,24.0,17.166666666666668,,552.0,16.0,34.5,,416.0,7035.0,1901.0,,,34.0,39.0
743,2023-02-11,377.0,24.0,15.708333333333334,,1.0,16.0,0.0625,,,,,,,,
744,2023-02-12,351.0,24.0,14.625,,88.0,16.0,5.5,,,,,,,,
745,2023-02-13,362.0,24.0,15.083333333333334,,363.0,16.0,22.6875,,484.0,6631.0,2305.0,,,41.0,42.0
746,2023-02-14,362.0,24.0,15.083333333333334,,528.0,16.0,33.0,,453.0,6706.0,2229.0,,,49.0,20.0
747,2023-02-15,365.0,24.0,15.208333333333334,,327.0,16.0,20.4375,,400.0,6688.0,2248.0,,,47.0,51.0
748,2023-02-16,378.0,24.0,15.75,,475.0,16.0,29.6875,,502.0,6746.0,2190.0,,,52.0,34.0
749,2023-02-17,405.0,24.0,16.875,,672.0,16.0,42.0,,590.0,6911.0,2025.0,,,54.0,25.0
750,2023-02-18,418.0,24.0,17.416666666666668,,0.0,16.0,0.0,,,,,,,,
751,2023-02-19,424.0,24.0,17.666666666666668,,171.0,16.0,10.6875,,,,,,,,
752,2023-02-20,392.0,24.0,16.333333333333332,,461.0,16.0,28.8125,,622.0,6442.0,2488.0,,,70.0,21.0
753,2023-02-21,489.0,24.0,20.375,,483.0,16.0,30.1875,,362.0,6395.0,2537.0,,,66.0,20.0
754,2023-02-22,349.0,24.0,14.541666666666666,,581.0,16.0,36.3125,,556.0,6601.0,2332.0,,,66.0,115.0
755,2023-02-23,386.0,24.0,16.083333333333332,,743.0,16.0,46.4375,,551.0,6814.0,2133.0,,,77.0,126.0
756,2023-02-28,258.0,24.0,10.75,,272.0,16.0,17.0,,769.0,7126.0,1809.0,,,24.0,107.0
757,2023-03-01,505.0,24.0,21.041666666666668,,491.0,16.0,30.6875,,441.0,7057.0,1457.0,,,24.0,50.0
758,2023-03-02,513.0,24.0,21.375,,555.0,16.0,34.6875,,495.0,7049.0,1886.0,,,24.0,49.0
759,2023-03-03,566.0,24.0,23.583333333333332,,569.0,16.0,35.5625,,555.0,7029.0,1905.0,,,24.0,54.0
760,2023-03-04,400.0,24.0,16.666666666666668,,144.0,4.0,36.0,,30.0,,,,,,
761,2023-03-05,,24.0,0.0,,80.0,16.0,5.0,,0.0,,,,,,
762,2023-03-06,565.0,24.0,23.541666666666668,,521.0,16.0,32.5625,,518.0,7245.0,1960.0,,,19.0,48.0
763,2023-03-07,454.0,24.0,18.916666666666668,,587.0,16.0,36.6875,,653.0,7221.0,1713.0,,,17.0,50.0
764,2023-03-08,317.0,24.0,13.208333333333334,,528.0,16.0,33.0,,554.0,7094.0,1842.0,,,16.0,45.0
765,2023-03-09,422.0,24.0,17.583333333333332,,465.0,16.0,29.0625,,437.0,6933.0,2003.0,,,9.0,48.0
766,2023-03-10,400.0,24.0,16.666666666666668,,218.0,16.0,13.625,,748.0,6917.0,2018.0,,,6.0,29.0
767,2023-03-11,415.0,24.0,17.291666666666668,,218.0,0.0,0.0,,,,,,,,
768,2023-03-12,380.0,24.0,15.833333333333334,,30.0,16.0,1.875,,,,,,,,
769,2023-03-13,409.0,24.0,17.041666666666668,,603.0,16.0,37.6875,,553.0,7115.0,1819.0,,,7.0,31.0
770,2023-03-14,359.0,24.0,14.958333333333334,,577.0,16.0,36.0625,,608.0,7005.0,1926.0,,,20.0,34.0
771,2023-03-15,469.0,24.0,19.541666666666668,,504.0,16.0,31.5,,617.0,6827.0,2105.0,,,22.0,14.0
772,2023-03-16,386.0,24.0,16.083333333333332,,534.0,16.0,33.375,,324.0,6815.0,2115.0,,,6.0,13.0
773,2023-03-17,380.0,24.0,15.833333333333334,,424.0,16.0,26.5,,507.0,6748.0,2187.0,,,11.0,24.0
774,2023-03-18,407.0,24.0,16.958333333333332,,106.0,4.0,26.5,,99.0,,,,,,
775,2023-03-19,,24.0,0.0,,,16.0,0.0,,0.0,,,,,,
776,2023-03-20,435.0,24.0,18.125,,571.0,16.0,35.6875,,637.0,7068.0,1868.0,,,14.0,24.0
777,2023-03-21,447.0,24.0,18.625,,664.0,16.0,41.5,,725.0,6835.0,2100.0,,,11.0,24.0
778,2023-03-22,478.0,24.0,19.916666666666668,,524.0,16.0,32.75,,447.0,6829.0,2106.0,,,12.0,24.0
779,2023-03-23,463.0,24.0,19.291666666666668,,517.0,16.0,32.3125,,501.0,6832.0,2097.0,,,11.0,25.0
780,2023-03-24,473.0,24.0,19.708333333333332,,534.0,16.0,33.375,,496.0,,,,,7.0,4.0
781,2023-03-25,471.0,24.0,19.625,,364.0,4.0,91.0,,94.0,,,,,,
782,2023-03-26,452.0,24.0,18.833333333333332,,0.0,16.0,0.0,,0.0,,,,,,
783,2023-03-27,429.0,24.0,17.875,,541.0,16.0,33.8125,,444.0,7276.0,1658.0,,,8.0,7.0
784,2023-03-28,422.0,24.0,17.583333333333332,,661.0,16.0,41.3125,,711.0,7199.0,1734.0,,,7.0,11.0
785,2023-03-29,431.0,24.0,17.958333333333332,,271.0,16.0,16.9375,,522.0,7044.0,1889.0,,,15.0,12.0
786,2023-03-30,433.0,24.0,18.041666666666668,,586.0,16.0,36.625,,210.0,7095.0,1838.0,,,10.0,10.0
787,2023-03-31,397.0,24.0,16.541666666666668,,336.0,16.0,21.0,,552.0,7014.0,1919.0,,,11.0,12.0
788,2023-04-01,392.0,24.0,16.333333333333332,,0.0,16.0,0.0,,89.0,,,,,,
789,2023-04-02,370.0,24.0,15.416666666666666,,29.0,16.0,1.8125,,,7432.0,1501.0,,,12.0,54.0
790,2023-04-03,339.0,24.0,14.125,,648.0,4.0,162.0,,411.0,,,,,,
791,2023-04-04,379.0,24.0,15.791666666666666,,461.0,16.0,28.8125,,527.0,7254.0,1679.0,,,24.0,54.0
792,2023-04-05,335.0,24.0,13.958333333333334,,272.0,16.0,17.0,,506.0,,,,,15.0,17.0
793,2023-04-06,404.0,24.0,16.833333333333332,,272.0,16.0,17.0,,,,,,,,
794,2023-04-07,301.0,24.0,12.541666666666666,,107.0,16.0,6.6875,,,,,,,,
795,2023-04-08,332.0,24.0,13.833333333333334,,0.0,16.0,0.0,,,,,,,,
796,2023-04-09,267.0,24.0,11.125,,3.0,4.0,0.75,,,,,,,,
797,2023-04-10,407.0,24.0,16.958333333333332,,466.0,16.0,29.125,,562.0,7579.0,1354.0,,,,
798,2023-04-11,409.0,24.0,17.041666666666668,,306.0,16.0,19.125,,492.0,7494.0,1439.0,,,23.0,55.0
799,2023-04-12,369.0,24.0,15.375,,399.0,16.0,24.9375,,304.0,7510.0,1423.0,,,18.0,12.0
800,2023-04-13,400.0,24.0,16.666666666666668,,533.0,16.0,33.3125,,284.0,7502.0,1430.0,,,17.0,12.0
801,2023-04-14,396.0,24.0,16.5,,468.0,16.0,29.25,,557.0,7440.0,1492.0,,,19.0,17.0
802,2023-04-15,409.0,24.0,17.041666666666668,,111.0,16.0,6.9375,,88.0,,,,,,
803,2023-04-16,288.0,24.0,12.0,,6.0,4.0,1.5,,,,,,,,
804,2023-04-17,389.0,24.0,16.208333333333332,,451.0,16.0,28.1875,,520.0,7769.0,1164.0,,,33.0,146.0
805,2023-04-18,390.0,24.0,16.25,,592.0,16.0,37.0,,446.0,7694.0,1239.0,,,19.0,46.0
806,2023-04-19,475.0,24.0,19.791666666666668,,563.0,16.0,35.1875,,723.0,7593.0,1340.0,,,15.0,17.0
807,2023-04-20,395.0,24.0,16.458333333333332,,610.0,16.0,38.125,,489.0,7584.0,1349.0,,,18.0,14.0
808,2023-04-21,412.0,24.0,17.166666666666668,,526.0,16.0,32.875,,574.0,7456.0,1477.0,,,19.0,12.0
809,2023-04-22,330.0,24.0,13.75,,0.0,16.0,0.0,,50.0,,,,,,
810,2023-04-23,412.0,24.0,17.166666666666668,,23.0,4.0,5.75,,,,,,,,
811,2023-04-24,393.0,24.0,16.375,,697.0,16.0,43.5625,,744.0,7718.0,1211.0,,,16.0,9.0
812,2023-04-25,393.0,24.0,16.375,,756.0,16.0,47.25,,675.0,7576.0,1358.0,,,17.0,9.0
813,2023-04-26,451.0,24.0,18.791666666666668,,553.0,16.0,34.5625,,586.0,7384.0,1549.0,,,15.0,28.0
814,2023-04-27,462.0,24.0,19.25,,427.0,16.0,26.6875,,403.0,7374.0,1559.0,,,15.0,41.0
815,2023-04-28,496.0,24.0,20.666666666666668,,489.0,16.0,30.5625,,492.0,7374.0,1559.0,,,15.0,41.0
816,2023-04-29,346.0,24.0,14.416666666666666,,0.0,4.0,0.0,,23.0,,,,,,
817,2023-04-30,215.0,24.0,8.958333333333334,,6.0,0.0,0.0,,,,,,,,
818,2023-05-01,315.0,24.0,13.125,,470.0,16.0,29.375,,509.0,7669.0,1265.0,,,15.0,
819,2023-05-02,378.0,24.0,15.75,,375.0,16.0,23.4375,,412.0,7610.0,1324.0,,,23.0,16.0
820,2023-05-03,397.0,24.0,16.541666666666668,,442.0,16.0,27.625,,314.0,7623.0,1299.0,,,21.0,16.0
821,2023-05-04,467.0,24.0,19.458333333333332,,437.0,16.0,27.3125,,337.0,7627.0,1307.0,,,12.0,16.0
822,2023-05-05,357.0,24.0,14.875,,397.0,16.0,24.8125,,602.0,7653.0,1275.0,,,7.0,41.0
823,2023-05-06,373.0,24.0,15.541666666666666,,0.0,16.0,0.0,,0.0,,,,,,
824,2023-05-07,238.0,24.0,9.916666666666666,,13.0,16.0,0.8125,,0.0,,,,,,
825,2023-05-08,389.0,24.0,16.208333333333332,,512.0,16.0,32.0,,357.0,,,,,,
826,2023-05-09,400.0,24.0,16.666666666666668,,366.0,16.0,22.875,,480.0,7965.0,967.0,,,9.0,50.0
827,2023-05-10,357.0,24.0,14.875,,503.0,16.0,31.4375,,406.0,7892.0,1041.0,,,11.0,38.0
828,2023-05-11,395.0,24.0,16.458333333333332,,488.0,16.0,30.5,,403.0,7860.0,1073.0,,,8.0,44.0
829,2023-05-12,442.0,24.0,18.416666666666668,,453.0,16.0,28.3125,,528.0,7789.0,1144.0,,,8.0,41.0
830,2023-05-13,436.0,24.0,18.166666666666668,,137.0,16.0,8.5625,,34.0,,,,,,
831,2023-05-14,149.0,24.0,6.208333333333333,,1.0,16.0,0.0625,,,,,,,,
832,2023-05-15,384.0,24.0,16.0,,471.0,16.0,29.4375,,432.0,7993.0,940.0,,,11.0,35.0
833,2023-05-16,452.0,24.0,18.833333333333332,,434.0,16.0,27.125,,545.0,7956.0,977.0,,,8.0,20.0
834,2023-05-17,400.0,24.0,16.666666666666668,,344.0,16.0,21.5,,323.0,7995.0,938.0,,,5.0,31.0
835,2023-05-18,388.0,24.0,16.166666666666668,,425.0,16.0,26.5625,,335.0,2091.0,900.0,,,2.0,17.0
836,2023-05-19,380.0,24.0,15.833333333333334,,338.0,16.0,21.125,,471.0,7988.0,945.0,,,4.0,25.0
837,2023-05-20,114.0,24.0,4.75,,29.0,16.0,1.8125,,,,,,,,
838,2023-05-22,337.0,24.0,14.041666666666666,,575.0,16.0,35.9375,,478.0,8059.0,870.0,,,3.0,70.0
839,2023-05-21,0.0,24.0,0.0,,15.0,16.0,0.9375,,,,,,,,
840,2023-05-22,337.0,24.0,14.041666666666666,,575.0,16.0,35.9375,,478.0,8059.0,870.0,,,3.0,70.0
841,2023-05-23,449.0,24.0,18.708333333333332,,336.0,16.0,21.0,,425.0,7978.0,955.0,,,4.0,15.0
842,2023-05-23,449.0,24.0,18.708333333333332,,336.0,16.0,21.0,,425.0,7978.0,955.0,,,4.0,15.0
843,2023-05-24,448.0,24.0,18.666666666666668,,463.0,16.0,28.9375,,503.0,7981.0,952.0,,,25.0,12.0
844,2023-05-25,444.0,24.0,18.5,,534.0,16.0,33.375,,388.0,8059.0,874.0,,,32.0,22.0
845,2023-05-26,358.0,24.0,14.916666666666666,,388.0,16.0,24.25,,544.0,8051.0,881.0,,,50.0,70.0
846,2023-05-27,352.0,24.0,14.666666666666666,,194.0,16.0,12.125,,29.0,,,,,,
847,2023-05-28,153.0,24.0,6.375,,0.0,16.0,0.0,,,,,,,,
848,2023-05-29,,24.0,0.0,,0.0,16.0,0.0,,,,,,,,
849,2023-05-30,414.0,24.0,17.25,,458.0,16.0,28.625,,557.0,8164.0,769.0,,,25.0,36.0
850,2023-06-01,290.0,24.0,12.083333333333334,,423.0,16.0,26.4375,,324.0,8099.0,833.0,,,22.0,11.0
851,2023-06-02,342.0,24.0,14.25,,458.0,16.0,28.625,,478.0,,,,,,
852,2023-06-03,369.0,24.0,15.375,,96.0,16.0,6.0,,53.0,,,,,,
853,2023-06-04,114.0,24.0,4.75,,0.0,16.0,0.0,,,,,,,,
854,2023-06-05,259.0,24.0,10.791666666666666,,301.0,16.0,18.8125,,604.0,8147.0,785.0,,,,
855,2023-06-06,373.0,24.0,15.541666666666666,,538.0,16.0,33.625,,405.0,8129.0,803.0,,,42.0,12.0
856,2023-06-07,492.0,24.0,20.5,,347.0,16.0,21.6875,,411.0,8034.0,898.0,,,29.0,17.0
857,2023-06-08,389.0,24.0,16.208333333333332,,411.0,16.0,25.6875,,245.0,8116.0,811.0,,,25.0,19.0
858,2023-06-09,352.0,24.0,14.666666666666666,,589.0,16.0,36.8125,,662.0,8088.0,844.0,,,24.0,12.0
859,2023-06-10,305.0,24.0,12.708333333333334,,109.0,16.0,6.8125,,92.0,,,,,,
860,2023-06-11,178.0,24.0,7.416666666666667,,0.0,16.0,0.0,,,,,,,,
861,2023-06-12,254.0,24.0,10.583333333333334,,533.0,16.0,33.3125,,541.0,8220.0,711.0,,,23.0,11.0
862,2023-06-13,400.0,24.0,16.666666666666668,,530.0,16.0,33.125,,645.0,8073.0,851.0,,,21.0,12.0
863,2023-06-14,565.0,24.0,23.541666666666668,,515.0,16.0,32.1875,,406.0,7973.0,942.0,,,30.0,11.0
864,2023-06-15,519.0,24.0,21.625,,543.0,16.0,33.9375,,416.0,8051.0,865.0,,,47.0,11.0
865,2023-06-16,473.0,24.0,19.708333333333332,,504.0,16.0,31.5,,624.0,8041.0,875.0,,,46.0,7.0
866,2023-06-17,342.0,24.0,14.25,,72.0,16.0,4.5,,257.0,,,,,,
867,2023-06-18,288.0,24.0,12.0,,112.0,16.0,7.0,,0.0,,,,,,
868,2023-06-19,374.0,24.0,15.583333333333334,,514.0,16.0,32.125,,438.0,8231.0,679.0,,,,
869,2023-06-20,451.0,24.0,18.791666666666668,,440.0,16.0,27.5,,518.0,8150.0,766.0,,,78.0,25.0
870,2023-06-21,332.0,24.0,13.833333333333334,,555.0,16.0,34.6875,,404.0,8043.0,874.0,,,,
871,2023-06-22,414.0,24.0,17.25,,470.0,16.0,29.375,,533.0,8033.0,884.0,,,,
872,2023-06-23,355.0,24.0,14.791666666666666,,590.0,16.0,36.875,,504.0,,,,,73.0,59.0
873,2023-06-24,255.0,24.0,10.625,,0.0,16.0,0.0,,72.0,,,,,,
874,2023-06-25,300.0,24.0,12.5,,39.0,16.0,2.4375,,0.0,8181.0,729.0,,,,
875,2023-06-26,300.0,24.0,12.5,,421.0,16.0,26.3125,,583.0,8093.0,821.0,,,73.0,107.0
876,2023-06-27,331.0,24.0,13.791666666666666,,575.0,16.0,35.9375,,627.0,7950.0,965.0,,,70.0,14.0
877,2023-06-28,232.0,24.0,9.666666666666666,,478.0,16.0,29.875,,420.0,,,,,,
878,2023-06-29,356.0,24.0,14.833333333333334,,275.0,16.0,17.1875,,426.0,,,,,,
879,2023-06-30,343.0,24.0,14.291666666666666,,515.0,16.0,32.1875,,306.0,,,,,,
880,2023-07-01,342.0,24.0,14.25,,150.0,16.0,9.375,,,,,,,,
881,2023-07-02,319.0,24.0,13.291666666666666,,0.0,16.0,0.0,,0.0,7993.0,462.0,,,,
882,2023-07-03,342.0,24.0,14.25,,476.0,16.0,29.75,,580.0,,,,,,
883,2023-07-04,291.0,24.0,12.125,,29.0,16.0,1.8125,,0.0,7625.0,677.0,,,8.0,15.0
884,2023-07-05,263.0,24.0,10.958333333333334,,391.0,16.0,24.4375,,582.0,7625.0,677.0,,,45.0,7.0
885,2023-07-06,382.0,24.0,15.916666666666666,,567.0,16.0,35.4375,,372.0,7625.0,677.0,,,14.0,26.0
886,2023-07-07,329.0,24.0,13.708333333333334,,312.0,16.0,19.5,,505.0,,,,,6.0,51.0
887,2023-07-08,286.0,24.0,11.916666666666666,,26.0,16.0,1.625,,0.0,,,,,,
888,2023-07-09,249.0,24.0,10.375,,122.0,16.0,7.625,,0.0,7507.0,795.0,,,,
889,2023-07-10,338.0,24.0,14.083333333333334,,514.0,16.0,32.125,,640.0,7656.0,644.0,,,7.0,57.0
890,2023-07-11,359.0,24.0,14.958333333333334,,579.0,16.0,36.1875,,484.0,,,,,10.0,63.0
891,2023-07-12,380.0,24.0,15.833333333333334,,597.0,16.0,37.3125,,440.0,7561.0,742.0,,,15.0,64.0
892,2023-07-13,293.0,24.0,12.208333333333334,,365.0,16.0,22.8125,,466.0,7481.0,820.0,,,15.0,60.0
893,2023-07-14,295.0,24.0,12.291666666666666,,320.0,16.0,20.0,,480.0,7481.0,820.0,,,13.0,60.0
894,2023-07-15,390.0,24.0,16.25,,34.0,16.0,2.125,,,,,,,,
895,2023-07-16,347.0,24.0,14.458333333333334,,21.0,16.0,1.3125,,,,,,,,
896,2023-07-17,337.0,24.0,14.041666666666666,,547.0,16.0,34.1875,,278.0,7784.0,1130.0,,,9.0,60.0
897,2023-07-18,399.0,24.0,16.625,,376.0,16.0,23.5,,565.0,7784.0,675.0,,,12.0,64.0
898,2023-07-19,382.0,24.0,15.916666666666666,,443.0,16.0,27.6875,,264.0,8016.0,898.0,,,14.0,72.0
899,2023-07-20,372.0,24.0,15.5,,633.0,16.0,39.5625,,475.0,8016.0,898.0,,,10.0,68.0
900,2023-07-21,388.0,24.0,16.166666666666668,,381.0,16.0,23.8125,,711.0,8016.0,898.0,,,10.0,62.0
901,2023-07-22,329.0,24.0,13.708333333333334,,120.0,16.0,7.5,,66.0,,,,,,
902,2023-07-23,348.0,24.0,14.5,,17.0,16.0,1.0625,,0.0,,,,,,
903,2023-07-24,359.0,24.0,14.958333333333334,,449.0,16.0,28.0625,,473.0,8016.0,898.0,,,16.0,59.0
904,2023-07-25,345.0,24.0,14.375,,335.0,16.0,20.9375,,501.0,8016.0,898.0,,,22.0,25.0
905,2023-07-26,368.0,24.0,15.333333333333334,,588.0,16.0,36.75,,324.0,8016.0,898.0,,,,
906,2023-07-27,419.0,24.0,17.458333333333332,,309.0,16.0,19.3125,,554.0,8016.0,898.0,,,57.0,
907,2023-07-28,358.0,24.0,14.916666666666666,,572.0,16.0,35.75,,389.0,8016.0,898.0,,,39.0,
908,2023-07-29,424.0,24.0,17.666666666666668,,181.0,16.0,11.3125,,51.0,,,,,,
909,2023-07-30,17.0,24.0,0.7083333333333334,,17.0,16.0,1.0625,,0.0,,,,,,
910,2023-07-31,406.0,24.0,16.916666666666668,,489.0,16.0,30.5625,,702.0,4789.0,302.0,,,,
911,2023-08-01,476.0,24.0,19.833333333333332,,394.0,16.0,24.625,,426.0,8225.0,688.0,,,50.0,0.0
912,2023-08-02,361.0,24.0,15.041666666666666,,404.0,16.0,25.25,,289.0,8225.0,688.0,,,52.0,0.0
913,2023-08-03,438.0,24.0,18.25,,492.0,16.0,30.75,,578.0,8225.0,688.0,,,61.0,0.0
914,2022-08-04,426.0,24.0,17.75,,561.0,16.0,35.0625,,514.0,7525.0,1295.0,,,68.0,0.0
915,2022-08-05,407.0,24.0,16.958333333333332,,137.0,16.0,8.5625,,,,,,,,
916,2022-08-06,101.0,24.0,4.208333333333333,,18.0,16.0,1.125,,,,,,,,
917,2023-08-07,386.0,24.0,16.083333333333332,,485.0,16.0,30.3125,,434.0,7519.0,564.0,,,16.0,0.0
918,2023-08-08,424.0,24.0,17.666666666666668,,434.0,16.0,27.125,,732.0,7484.0,596.0,,,30.0,0.0
919,2023-08-09,385.0,24.0,16.041666666666668,,378.0,16.0,23.625,,,,,,,,
920,2023-08-10,424.0,24.0,17.666666666666668,,474.0,16.0,29.625,,430.0,7407.0,565.0,,,64.0,0.0
921,2023-08-11,448.0,24.0,18.666666666666668,,391.0,16.0,24.4375,,422.0,,,,,60.0,0.0
922,2023-08-12,196.0,24.0,8.166666666666666,,0.0,16.0,0.0,,,,,,,,
923,2023-08-13,68.0,24.0,2.8333333333333335,,2.0,16.0,0.125,,,,,,,,
924,2023-08-14,261.0,24.0,10.875,,626.0,16.0,39.125,,415.0,7453.0,910.0,,,54.0,0.0
925,2023-08-15,417.0,24.0,17.375,,511.0,16.0,31.9375,,622.0,7408.0,1092.0,,,65.0,0.0
926,2023-08-16,502.0,24.0,20.916666666666668,,522.0,16.0,32.625,,561.0,,,,,,
927,2023-08-17,275.0,24.0,11.458333333333334,,510.0,16.0,31.875,,341.0,7273.0,1411.0,,,78.0,267.0
928,2023-08-18,348.0,24.0,14.5,,534.0,16.0,33.375,,,,,,,,
929,2023-08-19,313.0,24.0,13.041666666666666,,118.0,16.0,7.375,,,,,,,,
930,2023-08-20,342.0,24.0,14.25,,49.0,16.0,3.0625,,,,,,,,
931,2023-08-21,358.0,24.0,14.916666666666666,,565.0,16.0,35.3125,,383.0,7271.0,1416.0,,,123.0,0.0
932,2023-08-22,400.0,24.0,16.666666666666668,,520.0,16.0,32.5,,581.0,7180.0,1508.0,,,125.0,0.0
933,2023-08-23,369.0,24.0,15.375,,528.0,16.0,33.0,,499.0,7075.0,1602.0,,,130.0,0.0
934,2023-08-24,388.0,24.0,16.166666666666668,,643.0,16.0,40.1875,,571.0,6927.0,1757.0,,,144.0,0.0
935,2023-08-25,376.0,24.0,15.666666666666666,,438.0,16.0,27.375,,742.0,7285.0,1405.0,,,150.0,0.0
936,2023-08-26,437.0,24.0,18.208333333333332,,129.0,16.0,8.0625,,50.0,,,,,,
937,2023-08-27,440.0,24.0,18.333333333333332,,43.0,16.0,2.6875,,,,,,,,
938,2023-08-28,323.0,24.0,13.458333333333334,,666.0,16.0,41.625,,457.0,7084.0,1602.0,,,153.0,39.0
939,2023-08-29,286.0,24.0,11.916666666666666,,470.0,16.0,29.375,,701.0,6318.0,1485.0,,,30.0,141.0
940,2023-08-30,264.0,24.0,11.0,,388.0,16.0,24.25,,455.0,6231.0,1568.0,,,43.0,0.0
941,2023-08-31,407.0,24.0,16.958333333333332,,352.0,17.0,20.705882352941178,,389.0,6254.0,1514.0,,,27.0,275.0
942,2023-09-01,335.0,24.0,13.958333333333334,,438.0,16.0,27.375,,,,,4.0,,,
943,2023-09-02,425.0,24.0,17.708333333333332,,0.0,16.0,0.0,,22.0,,,,,,
944,2023-09-03,234.0,24.0,9.75,,23.0,16.0,1.4375,,,,,,,,
945,2023-09-04,214.0,24.0,8.916666666666666,,90.0,16.0,5.625,,,6666.0,1107.0,,,,
946,2023-09-05,419.0,24.0,17.458333333333332,,317.0,16.0,19.8125,,265.0,,,,,,
947,2023-09-06,140.0,24.0,5.833333333333333,,478.0,16.0,29.875,,276.0,6614.0,1161.0,,,65.0,373.0
948,2023-09-07,378.0,24.0,15.75,,529.0,16.0,33.0625,,585.0,6427.0,1317.0,,,40.0,285.0
949,2023-09-08,278.0,24.0,11.583333333333334,,463.0,16.0,28.9375,,598.0,6289.0,1436.0,,,37.0,39.0
950,2023-09-09,294.0,24.0,12.25,,160.0,16.0,10.0,,251.0,,,,,,
951,2023-09-10,291.0,24.0,12.125,,171.0,16.0,10.6875,,0.0,,,,,,
952,2023-09-11,330.0,24.0,13.75,,528.0,16.0,33.0,,281.0,6387.0,1382.0,2.0,,37.0,122.0
953,2023-09-12,493.0,24.0,20.541666666666668,,353.0,16.0,22.0625,,558.0,6253.0,1519.0,4.0,,37.0,213.0
954,2023-09-13,367.0,24.0,15.291666666666666,,481.0,16.0,30.0625,,603.0,6167.0,1587.0,2.0,"system up and down since last, pages of duplicate",37.0,1023.0
955,2023-09-14,336.0,24.0,14.0,,520.0,16.0,32.5,,485.0,6099.0,1638.0,,,31.0,41.0
956,2023-09-15,318.0,24.0,13.25,,552.0,16.0,34.5,,616.0,5912.0,1774.0,8.0,stacker 5 down,30.0,319.0
957,2023-09-16,366.0,24.0,15.25,,266.0,16.0,16.625,,26.0,,,,,,
958,2023-09-17,322.0,24.0,13.416666666666666,,63.0,16.0,3.9375,,0.0,6040.0,1628.0,,,23.0,0.0
959,2023-09-18,347.0,24.0,14.458333333333334,,520.0,16.0,32.5,,569.0,5916.0,1759.0,8.0,stacker 2 down,,
960,2023-09-19,373.0,24.0,15.541666666666666,,554.0,16.0,34.625,,646.0,5866.0,1864.0,,,,
961,2023-09-20,418.0,24.0,17.416666666666668,,549.0,16.0,34.3125,,556.0,5823.0,1964.0,,,19.0,1884.0
962,2023-09-21,516.0,24.0,21.5,,379.0,16.0,23.6875,,374.0,5683.0,2033.0,,,35.0,229.0
963,2023-09-22,331.0,24.0,13.791666666666666,,413.0,16.0,25.8125,,596.0,,,,,25.0,548.0
964,2023-09-23,135.0,24.0,5.625,,349.0,16.0,21.8125,,30.0,,,,,,
965,2023-09-24,49.0,24.0,2.0416666666666665,,388.0,16.0,24.25,,0.0,,,,,,
966,2023-09-25,234.0,24.0,9.75,,375.0,16.0,23.4375,,329.0,6062.0,1665.0,,,28.0,1912.0
967,2023-09-26,642.0,24.0,26.75,,442.0,16.0,27.625,,707.0,4409.0,1721.0,,,31.0,155.0
968,2023-09-27,716.0,24.0,29.833333333333332,,518.0,16.0,32.375,,653.0,5925.0,1823.0,,,30.0,548.0
969,2023-09-28,664.0,24.0,27.666666666666668,,486.0,16.0,30.375,,722.0,5829.0,1920.0,,,30.0,0.0
970,2023-09-29,414.0,24.0,17.25,,433.0,16.0,27.0625,,623.0,5745.0,2026.0,,,31.0,
971,2023-09-30,142.0,24.0,5.916666666666667,,485.0,16.0,30.3125,,252.0,,,,,,
972,2023-10-01,41.0,24.0,1.7083333333333333,,428.0,16.0,26.75,,,6156.0,1596.0,,,34.0,548.0
